Trade name;BatchNr;ExpirationDt
Infanrix;AC14B125GD;2012-12-31
Infanrix;AC14B128AJ;2013-02-28
Infanrix;AC14B128AK;2013-02-28
Infanrix;AC14B132AE;2013-03-31
Infanrix;AC14B134AH;2013-07-31
Infanrix;AC14B134AK;2013-07-31
Infanrix;AC14B135DD;2013-07-31
Infanrix;AC14B139AB;2013-09-30
Infanrix;AC14B142DI;2013-10-31
Infanrix hexa;A21CB008A;2013-02-28
Infanrix hexa;A21CB008B;2013-02-28
Infanrix hexa;A21CB032A;2013-06-30
Infanrix hexa;A21CB044A;2013-04-30
Infanrix hexa;A21CB104A;2013-05-31
Infanrix hexa;A21CB111A;2013-08-31
Infanrix hexa;A21CB112A;2013-02-28
Infanrix hexa;A21CB131A;2013-03-31
Infanrix hexa;A21CB196A;2014-01-31
Infanrix hexa;A21CB200D;2013-09-30
Infanrix hexa;A21CB202A;2013-08-31
Infanrix hexa;A21CB213B;2014-02-28
Infanrix hexa;A21CB302A;2013-11-30
Infanrix hexa;A21CB425A;2014-01-31
Infanrix hexa;A21CB542A;2014-08-31
Infanrix hexa;A21CB596C;2014-09-30
Infanrix hexa;A21CB613A;2014-09-30
Infanrix hexa;A21CB691B;2015-02-28
Infanrix hexa;A21CB697A;2014-12-31
Infanrix hexa;A21CB962A;2015-05-31
Infanrix hexa;A21CB963A;2015-04-30
Infanrix hexa;A21CB980C;2015-10-31
Infanrix hexa;A21CC023A;2015-06-30
Infanrix hexa;A21CC208A;2016-02-28
Infanrix hexa;A21CC209A;2016-03-31
Infanrix hexa;A21CC238A;2016-04-30
Infanrix hexa;A21CC332A;2016-08-31
Infanrix hexa;A21CC354A;2017-01-31
Infanrix hexa;A21CC373A;2017-03-31
Infanrix hexa;A21CC387A;2017-01-31
Infanrix hexa;A21CC431A;2017-04-30
Infanrix hexa;A21CC432A;2017-05-31
Infanrix hexa;A21CC480A;2017-09-30
Infanrix hexa;A21CC500A;2017-08-31
Infanrix hexa;A21CC530C;2017-08-31
Infanrix hexa;A21CC548A;2017-08-31
Infanrix hexa;A21CC549A;2017-08-31
Infanrix hexa;A21CC557A;2017-09-30
Infanrix hexa;A21CC584A;2017-12-31
Infanrix hexa;A21CC603A;2018-02-28
Infanrix hexa;A21CC616A;2017-12-31
Infanrix hexa;A21CC626A;2018-02-28
Infanrix hexa;A21CC627A;2018-02-28
Infanrix hexa;A21CC655A;2018-04-30
Infanrix hexa;A21CC670A;2018-02-28
Infanrix hexa;A21CC706A;2018-03-31
Infanrix hexa;A21CC707A;2018-03-31
Infanrix hexa;A21CC732A;2018-05-31
Infanrix hexa;A21CC768B;2018-06-30
Infanrix hexa;A21CC778B;2018-08-31
Infanrix hexa;A21CC779A;2018-08-31
Infanrix hexa;A21CC848B;2019-02-28
Infanrix hexa;A21CC855A;2019-02-28
Infanrix hexa;A21CC894A;2019-02-28
Infanrix hexa;A21CC895A;2019-01-31
Infanrix hexa;A21CC924D;2019-02-28
Infanrix hexa;A21CC940B;2019-04-30
Infanrix hexa;A21CC942B;2019-04-30
Infanrix hexa;A21CC967A;2019-05-31
Infanrix hexa;A21CC993A;2019-06-30
Infanrix hexa;A21CD004A;2019-06-30
Infanrix hexa;A21CD005A;2019-06-30
Infanrix hexa;A21CD024C;2019-08-31
Infanrix hexa;A21CD078B;2019-09-30
Infanrix hexa;A21CD096B;2019-09-30
Infanrix hexa;A21CD158A;2020-01-31
Infanrix hexa;A21CD159A;2020-01-31
Infanrix hexa;A21CD204A;2020-02-28
Infanrix hexa;A21CD205A;2020-03-31
Infanrix hexa;A21CD216B;2020-03-31
Infanrix hexa;A21CD226A;2020-03-31
Infanrix hexa;A21CD229A;2020-03-31
Infanrix hexa;A21CD319B;2020-05-31
Infanrix hexa;A21CD321A;2020-05-31
Infanrix hexa;A21CD322A;2020-05-31
Infanrix hexa;A21CD346C;2020-05-31
Infanrix hexa;A21CD390C;2020-06-30
Infanrix hexa;A21CD393D;2020-06-30
Infanrix hexa;A21CD397A;2020-08-31
Infanrix hexa;A21CD427B;2020-10-31
Infanrix hexa;A21CD493A;2020-10-31
Infanrix hexa;A21CD494A;2020-10-31
Infanrix hexa;A21CD499A;2020-10-31
Infanrix hexa;A21CD541A;2021-02-28
Infanrix hexa;A21CD584B;2021-02-28
Infanrix hexa;A21CD586A;2021-02-28
Infanrix-polio+Hib;A20CA650A;2013-02-28
Infanrix-polio+Hib;A20CA650F;2013-02-28
Infanrix-polio+Hib;A20CA651B;2013-02-28
Infanrix-polio+Hib;A20CA727B;2013-08-31
Infanrix-polio+Hib;A20CA728B;2013-07-31
Infanrix-polio+Hib;A20CA729A;2013-08-31
Infanrix-polio+Hib;A20CA745A;2013-02-28
Infanrix-polio+Hib;A20CA748C;2013-02-28
Infanrix-polio+Hib;A20CA764G;2014-02-28
Infanrix-polio+Hib;A20CA835C;2014-07-31
Infanrix-polio+Hib;A20CA962A;2015-03-31
Infanrix-polio+Hib;A20CB027B;2015-09-30
Infanrix-polio+Hib;A20CB121B;2016-02-28
Infanrix-polio+Hib;A20CB148A;2016-03-31
Infanrix-polio+Hib;A20CB162A;2016-03-31
Infanrix-polio+Hib;A20CB182A;2016-05-31
Infanrix-polio+Hib;A20CB234A;2017-03-31
Infanrix-polio+Hib;A20CB250A;2017-02-28
Infanrix-polio+Hib;A20CB278A;2017-02-28
Infanrix-polio+Hib;A20CB289A;2017-03-31
Infanrix-polio+Hib;A20CB295B;2017-02-28
Infanrix-polio+Hib;A20CB299A;2017-02-28
Infanrix-polio+Hib;A20CB311A;2017-09-30
Pentavac;G4136-1;2013-01-31
Pentavac;G4151-1;2013-02-28
Pentavac;H4021-2;2013-04-30
Pentavac;H4032-1;2013-06-30
Pentavac;H4084-1;2013-10-31
Pentavac;J4042-1;2014-09-30
Pentavac;J4056-1;2014-09-30
Pentavac;J4066-1;2014-10-31
Pentavac;J4083-2;2014-10-31
Pentavac;J4123-1;2014-10-31
Pentavac;K2125-1;2015-07-31
Pentavac;K4012-1;2015-03-31
Pentavac;K4038-1;2015-05-01
Pentavac;K4076-1;2015-07-31
Pentavac;K4096-1;2017-03-30
Pentavac;K4167-1;2016-02-28
Pentavac;L4012-2;2016-02-28
Pentavac;L4019-1;2016-02-28
Pentavac;L4113-1;2016-03-31
Pentavac;L4122-1;2016-03-31
Pentavac;L4176-1;2100-01-01
Pentavac;L4193-1;2016-10-31
Tetravac;G0095-1;2013-01-31
Tetravac;G0174-2;2013-02-28
Tetravac;G0546-3;2013-10-31
Tetravac;G0555-2;2013-10-31
Tetravac;H0399-3;2014-07-31
Tetravac;H7053-3;2014-02-28
Tetravac;J0003-2;2014-11-30
Tetravac;J0188-1;2015-01-31
Tetravac;J0289-4;2015-04-30
Tetravac;J0314-2;2015-04-30
Tetravac;J7079-1;2014-11-30
Tetravac;J7115-2;2015-03-31
Tetravac;J7288-1;2015-08-31
Tetravac;K0111-1;2016-02-28
Tetravac;K0150-1;2016-03-31
Tetravac;K0150-2;2016-03-31
Tetravac;K0151-1;2016-03-31
Tetravac;K04821V;2016-06-30
Tetravac;K7112-2;2016-03-31
Tetravac;K7202;2016-05-31
Tetravac;K7202-2;2016-05-31
Tetravac;K7203-2;2016-05-31
Tetravac;K7307-2;2016-08-31
Tetravac;K7307-4;2016-08-31
Tetravac;K7345-1;2016-08-31
Tetravac;L70641V;2017-01-31
Tetravac;L7125-1;2017-02-28
Tetravac;L7155-1;2017-03-31
Tetravac;L7168-1;2017-03-31
Tetravac;L7386-1;2017-06-30
Tetravac;L7433-1;2017-08-31
Tetravac;L75131V;2017-11-30
Tetravac;L75211V;2017-11-30
Tetravac;L75213V;2017-11-30
Tetravac;L75215V;2017-11-30
Tetravac;L7538-3;2017-10-31
Tetravac;M03161V;2018-06-30
Tetravac;M70082V;2017-12-31
Tetravac;M71011V;2018-02-28
Tetravac;M71121M;2018-01-31
Tetravac;M73612V;2018-04-30
Tetravac;M73681M;2018-05-31
Tetravac;M73691V;2018-05-31
Tetravac;N1A201V;2018-09-30
Tetravac;N3J091V;2019-02-28
Tetravac;N3J341V;2019-03-31
Tetravac;N3K132V;2019-08-31
Tetravac;N3K152V;2019-07-31
Tetravac;P3A551V;2019-10-31
Tetravac;P3M013V;2020-09-30
Tetravac;P3M051V;2020-09-30
Tetravac;R3A169V;2020-11-30
Tetravac;R3E091V;2020-10-31
Tetravac;R3E092V;2020-10-31
Tetravac;R3F161V;2021-01-31
Tetravac;R3M221V;2021-08-31
Tetravac;R3N153V;2021-08-31
Tetravac;R3N621V;2021-04-30
Tetravac;T3K302V;2022-03-31
Tetravac;T3L061V;2022-06-30
Tetravac;T3L305V;2022-08-31
Tetravac;T3L691V;2022-06-30
Tetravac;U3C131V;2022-10-31
Tetravac;U3C293V;2022-11-30
Tetravac;U3D263V;2023-01-31
Tetravac;U3D994V;2023-01-31
Tetravac;U3E012V;2022-12-31
Priorix;A69CC552A;2013-01-31
Priorix;A69CC553A;2013-01-31
Priorix;A69CC661A;2013-03-31
Priorix;A69CC665A;2013-03-31
Priorix;A69CC756A;2013-05-31
Priorix;A69CC894A;2013-10-31
Priorix;A69CC982A;2014-01-31
Priorix;A69CD062A;2014-02-28
Priorix;A69CD063A;2014-04-30
Priorix;A69CD137A;2014-04-30
Priorix;A69CD144A;2014-05-31
Priorix;A69CD218A;2014-08-31
Priorix;A69CD353A;2014-12-31
Priorix;A69CD360A;2015-01-31
Priorix;A69CD435A;2015-03-31
Priorix;A69CD525A;2015-08-31
Priorix;A69CD532A;2015-08-31
Priorix;A69CD627A;2015-10-31
Priorix;A69CD725A;2016-03-31
Priorix;A69CD726A;2016-03-31
Priorix;A69CD778A;2016-06-30
Priorix;A69CD829A;2016-09-30
Priorix;A69CD894A;2016-10-31
Priorix;A69CD915A;2016-11-30
Priorix;A69CD989A;2017-02-28
Priorix;A69CE037A;2017-04-30
Priorix;A69CE066A;2017-05-31
Priorix;A69CE183A;2017-12-31
Priorix;A69CE189A;2017-10-31
Priorix;A69CE234A;2017-12-31
Priorix;A69CE260A;2018-01-31
Priorix;A69CE283A;2018-01-31
Priorix;A69CE314A;2018-03-31
Priorix;A69CE405A;2018-08-31
Priorix;A69CE417A;2018-09-30
Priorix;A69CE444A;2018-10-31
Priorix;A69CE499A;2019-01-31
Priorix;A69CE529A;2019-03-31
Priorix;A69CE540B;2019-03-31
Priorix;A69CE582A;2019-05-31
Priorix;A69CE643A;2019-09-30
Priorix;A69CE665A;2019-10-30
Priorix;A69CE676A;2019-10-30
Priorix;A69CE695A;2019-12-31
Priorix;A69CE712A;2020-01-31
Priorix;A69CE713A;2020-01-31
Priorix;A69CE959A;2020-11-30
Priorix;A69CF062D;2021-12-31
Priorix;A69CF195A;2022-05-31
M-M-RVAXPRO;G004151;2013-03-31
M-M-RVAXPRO;G004154;2013-04-30
M-M-RVAXPRO;G004170;2013-04-30
M-M-RVAXPRO;G005772;2013-05-31
M-M-RVAXPRO;G006660;2013-06-30
M-M-RVAXPRO;G009909;2013-08-31
M-M-RVAXPRO;G017521;2013-10-31
M-M-RVAXPRO;H002447;2013-12-31
M-M-RVAXPRO;H002958;2013-12-31
M-M-RVAXPRO;H008426;2014-03-31
M-M-RVAXPRO;H010333;2014-04-30
M-M-RVAXPRO;H013324;2014-06-30
M-M-RVAXPRO;H018324;2014-09-30
M-M-RVAXPRO;H019327;2014-09-30
M-M-RVAXPRO;H021102;2014-10-31
M-M-RVAXPRO;J000334;2014-12-31
M-M-RVAXPRO;J002679;2015-02-28
M-M-RVAXPRO;J003499;2015-02-28
M-M-RVAXPRO;J006323;2015-04-30
M-M-RVAXPRO;J009389;2015-06-30
M-M-RVAXPRO;J011818;2015-08-31
M-M-RVAXPRO;J014755;2015-10-31
M-M-RVAXPRO;J015978;2015-11-30
M-M-RVAXPRO;J016244;2015-11-30
M-M-RVAXPRO;J016245;2015-11-30
M-M-RVAXPRO;K002874;2016-01-31
M-M-RVAXPRO;K004698;2016-03-31
M-M-RVAXPRO;K007863;2016-05-31
M-M-RVAXPRO;K010547;2016-06-30
M-M-RVAXPRO;K016227;2016-08-31
M-M-RVAXPRO;K025858;2016-11-30
M-M-RVAXPRO;L002427;2016-12-31
M-M-RVAXPRO;L007153;2017-02-28
M-M-RVAXPRO;L013499;2017-03-31
M-M-RVAXPRO;L027001;2017-06-30
M-M-RVAXPRO;L032693;2017-07-31
M-M-RVAXPRO;L040123;2017-09-30
M-M-RVAXPRO;L041536;2017-09-30
M-M-RVAXPRO;L051011;2017-11-30
M-M-RVAXPRO;M014390;2018-02-28
M-M-RVAXPRO;M021937;2018-04-30
M-M-RVAXPRO;M030201;2018-05-31
M-M-RVAXPRO;M037925;2018-08-31
M-M-RVAXPRO;M045600;2018-10-31
M-M-RVAXPRO;N005083;2018-12-31
M-M-RVAXPRO;N007006;2019-02-28
M-M-RVAXPRO;N010760;2019-03-31
M-M-RVAXPRO;N019694;2019-06-30
M-M-RVAXPRO;N026608;2019-08-31
M-M-RVAXPRO;N033154;2019-10-31
M-M-RVAXPRO;N033406;2019-10-31
M-M-RVAXPRO;NP14630;2013-01-31
M-M-RVAXPRO;NP14650;2013-01-31
M-M-RVAXPRO;NP37220;2013-03-31
M-M-RVAXPRO;R008865;2020-02-28
M-M-RVAXPRO;R012516;2020-04-30
M-M-RVAXPRO;R028704;2020-09-30
M-M-RVAXPRO;R030387;2020-09-30
M-M-RVAXPRO;R034616;2020-10-31
M-M-RVAXPRO;R034618;2020-10-31
M-M-RVAXPRO;R035129;2020-11-30
M-M-RVAXPRO;S022336;2021-02-28
M-M-RVAXPRO;S027743;2021-08-31
M-M-RVAXPRO;S036562;2021-10-31
M-M-RVAXPRO;S040722;2021-11-30
M-M-RVAXPRO;S041001;2021-11-30
M-M-RVAXPRO;T015106;2022-04-30
M-M-RVAXPRO;T025977;2022-06-30
M-M-RVAXPRO;T026241;2022-07-31
M-M-RVAXPRO;T026243;2022-07-31
M-M-RVAXPRO;T029196;2022-07-31
M-M-RVAXPRO;T042858;2022-11-30
M-M-RVAXPRO;U011876;2023-03-31
M-M-RVAXPRO;U018135;2023-05-31
M-M-RVAXPRO;U030463;2023-08-31
M-M-RVAXPRO;U037583;2023-10-31
Prevenar 13;AA2774;2021-03-31
Prevenar 13;AA4485;2021-03-31
Prevenar 13;AP6869;2021-09-30
Prevenar 13;AT4644;2021-08-31
Prevenar 13;CK0805;2022-02-28
Prevenar 13;CL5631;2022-04-30
Prevenar 13;CM3319;2022-04-30
Prevenar 13;DL2853;2022-10-31
Prevenar 13;DP1772;2022-11-30
Prevenar 13;DR0561;2022-11-30
Prevenar 13;DR9113;2023-03-31
Prevenar 13;DT1208;2023-01-31
Prevenar 13;E47071;2013-02-28
Prevenar 13;E57032;2013-02-28
Prevenar 13;F06964;2013-03-31
Prevenar 13;F14409;2013-03-31
Prevenar 13;F14423;2013-03-31
Prevenar 13;F24241;2013-11-30
Prevenar 13;F36235;2014-01-31
Prevenar 13;F47930;2015-01-31
Prevenar 13;F50733;2014-02-28
Prevenar 13;F54473;2014-03-31
Prevenar 13;F55132;2014-12-31
Prevenar 13;F60521;2014-02-28
Prevenar 13;F65890;2014-05-31
Prevenar 13;F78748;2014-05-31
Prevenar 13;F78827;2014-06-30
Prevenar 13;F81129;2014-04-30
Prevenar 13;F81998;2014-06-30
Prevenar 13;G15549;2015-01-31
Prevenar 13;G26386;2015-02-28
Prevenar 13;G33979;2015-02-28
Prevenar 13;G34485;2015-07-31
Prevenar 13;G55488;2015-05-31
Prevenar 13;G67365;2015-03-31
Prevenar 13;G79294;2015-03-31
Prevenar 13;H01060;2015-04-30
Prevenar 13;H07332;2015-05-31
Prevenar 13;H40607;2015-12-31
Prevenar 13;H44947;2015-07-31
Prevenar 13;H66435;2015-07-31
Prevenar 13;H68134;2016-04-30
Prevenar 13;H72933;2015-07-31
Prevenar 13;J41281;2017-05-31
Prevenar 13;J41411;2017-05-31
Prevenar 13;J41619;2017-05-31
Prevenar 13;J42115;2016-06-30
Prevenar 13;J45721;2016-06-30
Prevenar 13;J45737;2016-07-31
Prevenar 13;J74504;2017-05-31
Prevenar 13;J77828;2017-05-31
Prevenar 13;L05838;2017-07-31
Prevenar 13;L16605;2017-08-31
Prevenar 13;L68579;2017-03-30
Prevenar 13;L70458;2017-11-30
Prevenar 13;L77541;2017-11-30
Prevenar 13;M16163;2017-11-30
Prevenar 13;M35900;2018-04-30
Prevenar 13;M40802;2018-01-31
Prevenar 13;M47991;2018-04-30
Prevenar 13;M65185;2018-01-31
Prevenar 13;M73996;2018-05-31
Prevenar 13;M87556;2018-02-28
Prevenar 13;M90145;2018-01-31
Prevenar 13;N20612;2018-05-31
Prevenar 13;N55088;2018-09-30
Prevenar 13;N94898;2018-10-31
Prevenar 13;PR1900004207;2021-02-28
Prevenar 13;PR2000003660;2021-02-28
Prevenar 13;PR2000003661;2021-02-28
Prevenar 13;PR2000003662;2021-02-28
Prevenar 13;PR2000005653;2022-06-30
Prevenar 13;PR2000008599;2022-06-30
Prevenar 13;R29031;2018-07-31
Prevenar 13;R56673;2018-11-30
Prevenar 13;R58540;2018-11-30
Prevenar 13;R73885;2019-01-31
Prevenar 13;R87583;2019-01-31
Prevenar 13;R91847;2019-02-28
Prevenar 13;S12590;2019-05-31
Prevenar 13;S15270;2019-06-30
Prevenar 13;S43159;2019-03-31
Prevenar 13;S70872;2019-06-30
Prevenar 13;S80652;2019-06-30
Prevenar 13;T01490;2019-06-30
Prevenar 13;T34116;2019-08-31
Prevenar 13;T45717;2019-08-31
Prevenar 13;T52810;2019-12-31
Prevenar 13;T61627;2019-08-31
Prevenar 13;T65395;2019-09-30
Prevenar 13;T84397;2019-10-31
Prevenar 13;T88791;2019-08-31
Prevenar 13;T94417;2020-03-31
Prevenar 13;T96176;2019-08-31
Prevenar 13;W13720;2020-01-31
Prevenar 13;W17299;2019-09-30
Prevenar 13;W28767;2020-04-30
Prevenar 13;W44016;2019-10-31
Prevenar 13;W61548;2020-03-31
Prevenar 13;W65671;2020-04-30
Prevenar 13;W88235;2020-01-31
Prevenar 13;X13903;2020-06-30
Prevenar 13;X30144;2020-08-31
Prevenar 13;X54330;2021-01-31
Prevenar 13;X62056;2020-10-31
Prevenar 13;X65689;2021-02-28
Prevenar 13;X85825;2020-09-30
Synflorix;114015B;2015-10-31
Synflorix;ASPNA047AE;2013-02-28
Synflorix;ASPNA048AD;2013-02-28
Synflorix;ASPNA054CB;2013-03-31
Synflorix;ASPNA060AL;2013-05-31
Synflorix;ASPNA060EC;2013-05-31
Synflorix;ASPNA063AJ;2013-05-31
Synflorix;ASPNA066ED;2013-06-30
Synflorix;ASPNA066EF;2013-06-30
Synflorix;ASPNA068AC;2013-06-30
Synflorix;ASPNA068AD;2013-06-30
Synflorix;ASPNA081CD;2013-07-31
Synflorix;ASPNA101AB;2013-09-30
Synflorix;ASPNA186DM;2014-08-31
Synflorix;ASPNA190AM;2014-08-31
Synflorix;ASPNA206AC;2014-09-30
Synflorix;ASPNA232CB;2015-01-31
Synflorix;ASPNA259AC;2015-03-31
Synflorix;ASPNA267BC;2015-04-30
Synflorix;ASPNA267CA;2015-04-30
Synflorix;ASPNA331DB;2015-09-30
Synflorix;ASPNA358AB;2015-12-31
Synflorix;ASPNA358CA;2015-12-31
Synflorix;ASPNA358CC;2015-12-31
Synflorix;ASPNA358CD;2015-12-31
Synflorix;ASPNA362AB;2015-12-31
Synflorix;ASPNA362AI;2015-12-31
Synflorix;ASPNA362CB;2015-12-31
Synflorix;ASPNA362CC;2015-12-31
Synflorix;ASPNA533AK;2016-12-31
Synflorix;ASPNA533AN;2016-12-31
Synflorix;ASPNA533BF;2017-01-31
Synflorix;ASPNA533BI;2017-01-31
Synflorix;ASPNA533BK;2018-01-31
Synflorix;ASPNA565BD;2018-02-28
Synflorix;ASPNA589BA;2017-03-31
Synflorix;ASPNA589BD;2017-03-31
Synflorix;ASPNA629AC;2017-05-31
Synflorix;ASPNA697CF;2017-09-30
Synflorix;ASPNA704CB;2017-09-30
Synflorix;ASPNA704DB;2018-09-30
Synflorix;ASPNA709BC;2018-09-30
Synflorix;ASPNA749CC;2018-11-30
Synflorix;ASPNA753DA;2018-11-30
Synflorix;ASPNA753DB;2018-11-30
Synflorix;ASPNA755AM;2017-11-30
Synflorix;ASPNA765AS;2018-01-31
Synflorix;ASPNA800BB;2019-03-31
Synflorix;ASPNA837BE;2019-05-31
Synflorix;ASPNA857AM;2019-06-30
Synflorix;ASPNA862CC;2019-08-31
Synflorix;ASPNA862CE;2019-08-31
Synflorix;ASPNA870AK;2019-08-31
Synflorix;ASPNA885AI;2019-09-30
Synflorix;ASPNA885AK;2019-09-30
Synflorix;ASPNA885AQ;2019-09-30
Synflorix;ASPNB065AI;2021-02-28
Synflorix;ASPNB085AG;2021-04-30
Synflorix;ASPNB149DT;2021-10-31
Synflorix;ASPNB172AP;2022-01-31
Synflorix;ASPNB172BB;2022-01-31
Synflorix;ASPNB197AF;2022-02-28
Synflorix;ASPNB197AH;2022-02-28
Synflorix;ASPNB203BB;2022-03-31
Synflorix;ASPNB225BC;2022-09-30
Synflorix;ASPNB235AE;2022-09-30
Synflorix;ASPNB235AI;2022-09-30
Synflorix;ASPNB237AD;2022-09-30
Synflorix;ASPNB283AF;2023-09-30
Synflorix;ASPNB283BA;2023-09-30
Synflorix;ASPNB283BF;2023-09-30
Synflorix;ASPNB286AD;2023-10-31
Synflorix;ASPNB291BF;2023-11-30
Synflorix;ASPNB299CE;2023-12-31
Synflorix;ASPNB301DD;2023-12-31
Synflorix;ASPNB301HG;2024-01-31
Synflorix;ASPNB314CE;2024-05-31
Synflorix;ASPNB323AJ;2024-09-30
Synflorix;ASPNB323AM;2024-09-30
Synflorix;ASPNB327AA;2024-10-31
Synflorix;ASPNB327AI;2024-10-31
Synflorix;BSPNA995BD;2020-06-30
Imovax Polio;G0084-3;2013-03-28
Imovax Polio;G7158-10;2013-09-30
Imovax Polio;H7033-3;2014-02-28
Imovax Polio;H7080-10;2014-04-30
Imovax Polio;H7080-2;2014-04-30
Imovax Polio;J7088-3;2015-02-28
Imovax Polio;J7126-7;2015-04-30
Imovax Polio;K7320-11;2016-08-31
Imovax Polio;K7320-4;2016-08-31
Imovax Polio;L0015-4;2016-12-31
Imovax Polio;L0257-7;2017-08-31
Imovax Polio;L025710M;2017-08-30
Imovax Polio;L0262-6;2017-08-31
Imovax Polio;M71332M;2018-02-28
Imovax Polio;M746515M;2018-08-31
Imovax Polio;M74654M;2018-08-31
Imovax Polio;N1B641M;2019-02-28
Imovax Polio;N3G627M;2019-06-30
Imovax Polio;P3K176M;2020-08-31
Imovax Polio;P3P0510V;2020-11-30
Imovax Polio;R3E053V;2021-03-31
Imovax Polio;T3E446V;2022-05-31
Imovax Polio;T3E447V;2022-05-31
Imovax Polio;U3E928V;2023-03-31
Act-Hib;G9503-1;2013-01-31
Act-Hib;G9545-1;2013-03-31
Act-Hib;G9556-3;2013-03-31
Act-Hib;G9614-1;2013-02-28
Act-Hib;G9998-1;2013-10-31
Act-Hib;G9998-4;2013-10-31
Act-Hib;H8101-1;2014-03-31
Act-Hib;H8375-1;2014-09-30
Act-Hib;H8398-3;2014-09-30
Act-Hib;J1582-1;2015-09-30
Act-Hib;J8224-1;2015-03-31
Act-Hib;K1018-2;2015-12-31
Act-Hib;K1312-1;2016-05-31
Act-Hib;K1627-6;2016-09-30
Act-Hib;K1739-2;2016-11-30
Act-Hib;L1179-1;2017-04-30
Act-Hib;L15652M;2017-09-30
Act-Hib;L1576-3;2017-09-30
Act-Hib;M14111M;2018-06-30
Act-Hib;N1G282M;2019-06-30
Act-Hib;N1G911M;2019-07-31
Act-Hib;N3A301M;2018-12-31
Act-Hib;N3H232M;2019-06-30
Act-Hib;P3D753M;2020-03-31
Act-Hib;R3A561V;2020-12-31
Act-Hib;R3C511V;2021-02-28
Act-Hib;T1D371V;2022-06-30
Act-Hib;T1D621V;2022-07-31
Act-Hib;T3E811V;2022-05-31
Act-Hib;U3E833V;2023-03-31
Act-Hib;U3H841V;2023-06-30
Gardasil;G005824;2013-08-31
Gardasil;G006447;2013-08-31
Gardasil;G006590;2013-08-31
Gardasil;G007064;2013-10-31
Gardasil;G007391;2013-12-02
Gardasil;G008225;2013-11-30
Gardasil;G009040;2013-10-31
Gardasil;G009615;2013-12-02
Gardasil;G009842;2013-12-15
Gardasil;G010136;2013-11-30
Gardasil;G011353;2013-10-31
Gardasil;G014502/1;2013-11-30
Gardasil;G014666;2013-11-30
Gardasil;G015611;2013-11-30
Gardasil;G017731;2013-11-30
Gardasil;G018417;2013-11-30
Gardasil;G019907;2013-11-30
Gardasil;G020676;2013-12-31
Gardasil;G020676/1;2013-12-31
Gardasil;G020676/2;2013-12-31
Gardasil;H001930;2014-05-31
Gardasil;H004195;2014-06-30
Gardasil;H004195/1;2014-06-30
Gardasil;H005342;2014-06-30
Gardasil;H006967;2014-12-31
Gardasil;H007741;2015-01-31
Gardasil;H008565;2015-01-31
Gardasil;H008566;2014-12-31
Gardasil;H008567;2015-01-31
Gardasil;H008692;2015-01-31
Gardasil;H012527;2015-01-31
Gardasil;H012703;2015-01-31
Gardasil;H013250;2015-02-28
Gardasil;H016574;2015-03-31
Gardasil;H016923;2015-03-31
Gardasil;H017285;2015-03-31
Gardasil;H018650;2015-03-31
Gardasil;H019565;2015-02-28
Gardasil;H020168;2015-05-31
Gardasil;H022112;2015-05-31
Gardasil;H022294;2015-07-02
Gardasil;J000893;2015-06-30
Gardasil;J000899;2015-06-30
Gardasil;J003047;2015-06-30
Gardasil;J003616;2015-07-13
Gardasil;J003758;2015-08-31
Gardasil;J004774;2015-08-31
Gardasil;J006463;2015-09-30
Gardasil;J010070;2015-10-31
Gardasil;J010072;2015-11-30
Gardasil;J011283;2016-02-28
Gardasil;J012788;2015-11-30
Gardasil;K011780;2016-09-30
Gardasil;K027243;2017-03-31
Gardasil;L000394;2017-03-31
Gardasil;L004253;2017-03-31
Gardasil;L006296;2017-03-31
Gardasil;L013278;2017-12-31
Gardasil;L015138;2017-12-31
Gardasil;L018896;2017-12-31
Gardasil;L019254;2017-12-31
Gardasil;L023023;2018-01-31
Gardasil;L035608;2018-03-31
Gardasil;L041528;2018-04-30
Gardasil;L042548;2018-05-31
Gardasil;L046820;2018-08-31
Gardasil;L047423;2018-08-31
Gardasil;M002918;2018-08-31
Gardasil;M007812;2018-10-31
Gardasil;M023290;2018-10-31
Gardasil;M026150;2018-11-30
Gardasil;M029533;2019-02-28
Gardasil;M034932;2019-02-28
Gardasil;M039492;2019-03-31
Gardasil;M040466;2019-03-31
Gardasil;M040885;2019-02-28
Gardasil;M047559;2019-04-18
Gardasil;M049862;2019-03-31
Gardasil;N004059;2019-05-30
Gardasil;N004675;2019-05-30
Gardasil;N005840;2019-05-30
Gardasil;N007773;2019-05-31
Gardasil;N013317;2019-05-31
Gardasil;N014146;2019-06-29
Gardasil;N014542;2019-05-31
Gardasil;N032389;2020-02-28
Gardasil;N034910;2020-02-28
Gardasil;NP16130;2013-02-28
Gardasil;NP16130/1;2013-02-28
Gardasil;NP26980;2013-03-31
Gardasil;R001429;2020-04-30
Gardasil;R014661;2020-06-30
Gardasil;R019624;2020-09-30
Gardasil;R028027;2020-12-31
Gardasil;R028602;2020-09-30
Gardasil;S004300;2021-03-31
Gardasil;S007399;2021-03-31
Cervarix;AHPVA055BC;2013-06-30
Cervarix;AHPVA056DE;2013-06-30
Cervarix;AHPVA091AJ;2013-03-31
Cervarix;AHPVA091AO;2013-03-31
Cervarix;AHPVA098AA;2013-05-31
Cervarix;AHPVA206CB;2016-08-31
Cervarix;AHPVA269AG;2017-11-30
Boostrix;AC37B063AL;2013-02-28
Boostrix;AC37B065AD;2013-05-31
Boostrix;AC37B070EC;2013-06-30
Boostrix;AC37B070ED;2013-06-30
Boostrix;AC37B073CD;2013-08-31
Boostrix;AC37B076AD;2013-09-30
Boostrix;AC37B078AD;2013-09-30
Boostrix;AC37B093CE;2015-01-31
Boostrix;AC37B110BC;2015-03-31
Boostrix;AC37B112CD;2015-03-31
Boostrix;AC37B118CB;2015-08-31
Boostrix;AC37B133AC;2016-02-28
Boostrix;AC37B140AB;2016-04-30
Boostrix;AC37B149AD;2016-05-31
Boostrix;AC37B150CA;2016-05-31
Boostrix;AC37B176BL;2017-04-30
Boostrix;AC37B182AC;2017-05-31
Boostrix;AC37B197AF;2017-10-31
Boostrix;AC37B212AC;2018-03-31
Boostrix;AC37B225AC;2018-09-30
Boostrix;AC37B232BA;2018-12-31
Boostrix;AC37B245BD;
Boostrix;AC37B245BF;2019-03-31
Boostrix;AC37B251BA;
Boostrix;AC37B253AF;2019-06-30
Boostrix;AC37B258AC;2019-08-31
Boostrix;AC37B267AJ;2019-09-30
Boostrix;AC37B270BJ;2019-09-30
Boostrix;AC37B290AN;2020-04-30
Boostrix;AC37B307AD;2020-10-31
Boostrix;AC37B308AN;2020-12-31
Boostrix;AC37B329DN;2021-05-31
Boostrix;AC37B331AD;2021-05-31
Boostrix;AC37B343AM;2021-12-31
Boostrix;AC37B353BJ;2022-03-31
Boostrix;AC37B357BC;2022-04-30
Boostrix;AC37B386AK;2023-04-30
Boostrix;AC39B105BD;2019-06-30
Boostrix;AC39B122AE;2020-09-30
Triaxis;C3750AE;2013-04-30
Triaxis;C3811AD;2013-05-31
Triaxis;C3859AG;2013-08-31
Triaxis;C3963AA;2014-02-28
Triaxis;C4364AB;2015-05-31
Triaxis;U6593AA7V;2022-01-31
Triaxis;U6801AA8V;2022-08-31
diTeBooster;DT169B;2014-05-31
diTeBooster;DT189A;2015-02-28
diTeBooster;DT203A;2015-10-31
diTeBooster;DT212A;2016-02-28
diTeBooster;DT220A;2016-06-30
diTeBooster;DT223B;2016-07-31
diTeBooster;DT225A;2016-08-31
diTeBooster;DT229A;2016-09-30
diTeBooster;DT237B;2017-01-31
diTeBooster;DT241A;2017-04-30
diTeBooster;DT247C;2017-08-31
diTeBooster;DT248B;2017-10-31
diTeBooster;DT258A;2016-07-31
diTeBooster;DT262A;2018-08-31
diTeBooster;DT288A;2020-08-31
diTeBooster;DT289A;2020-09-30
diTeBooster;DT301A;2020-11-30
diTeBooster;DT319A;2021-05-31
diTeBooster;DT339A;2021-11-30
diTeBooster;DT360A;2022-12-31
diTeBooster;DT362B;2023-01-31
diTeBooster;DT376C;2024-02-28
Difteri-vaccine;225601A;2017-08-01
Difteri-vaccine;310401A;2018-03-01
Difteri-vaccine;919601A;2100-01-01
Tetanus vaccine;1734019A;2020-03-09
Tetanus vaccine;1837005A;2023-08-31
Tetanus vaccine;1840008A;2023-08-31
Tetanus vaccine;1842007A;2023-08-31
Tetanus vaccine;2014002A;2025-01-31
Tetanus vaccine;2048002A;2025-01-31
Tetanus vaccine;A12062;
Tetanus vaccine;K7296-3;
Tetanus vaccine;Ret113B;
Tetanus vaccine;T22401B;2100-01-01
Tetanus vaccine;T22402A;2100-01-01
Tetanus vaccine;T23801B;2014-08-31
Tetanus vaccine;T25702B;2016-09-01
Tetanus vaccine;Tet112CA;
Tetanus vaccine;Tet112DA;
Tetanus vaccine;TET11313;
Tetanus vaccine;Tet113AB;2020-03-09
Tetanus vaccine;Tet113B;2020-03-09
Tetanus vaccine;Tet113DA;2020-03-09
Infanrix Polio;AC20B174AF;2013-02-28
Infanrix Polio;AC20B174AG;2013-02-28
Infanrix Polio;AC20B176CF;2013-03-31
Infanrix Polio;AC20B176CG;2013-03-31
Infanrix Polio;AC20B177AG;2013-03-31
Infanrix Polio;AC20B185AK;2013-08-31
Infanrix Polio;AC20B185AL;2013-08-31
Infanrix Polio;AC20B190DF;2013-08-31
Infanrix Polio;AC20B190DG;2013-08-31
Infanrix Polio;AC20B191AC;2013-08-31
Infanrix Polio;AC20B194AN;2013-09-30
Infanrix Polio;AC20B201AA;2014-02-14
Infanrix Polio;AC20B271BE;2015-08-31
Infanrix Polio;AC20B271BG;2015-08-31
Infanrix Polio;AC20B271BH;2015-08-31
Infanrix Polio;AC20B282AD;2016-03-31
Infanrix Polio;AC20B287BA;2016-07-01
Infanrix Polio;AC20B296BB;2016-09-30
Infanrix Polio;AC20B297BC;2016-09-30
Infanrix Polio;AC20B300AE;2016-10-31
Infanrix Polio;AC20B300AH;2016-10-31
Infanrix Polio;AC20B304DD;2016-12-31
Infanrix Polio;AC20B304DE;2016-12-31
Infanrix Polio;AC20B310BF;2017-02-28
Infanrix Polio;AC20B312BJ;2017-02-28
Infanrix Polio;AC20B326BC;2017-09-30
Infanrix Polio;AC20B346AE;2018-09-30
VeroPol;195F;2014-03-31
VeroPol;195G;2014-03-31
Boostrix Polio;AC39B030AB;2013-01-31
Boostrix Polio;AC39B030AN;2013-01-31
Boostrix Polio;AC39B030CG;2013-01-31
Boostrix Polio;AC39B031DL;2013-02-28
Boostrix Polio;AC39B031EJ;2013-02-28
Boostrix Polio;AC39B033BF;2013-08-31
Boostrix Polio;AC39B034AD;2013-11-30
Boostrix Polio;AC39B034BE;2013-11-30
Boostrix Polio;AC39B036BD;2014-02-28
Boostrix Polio;AC39B040AD;2014-05-31
Boostrix Polio;AC39B040AI;2014-05-31
Boostrix Polio;AC39B047AH;2015-02-28
Boostrix Polio;AC39B050AS;2015-08-31
Boostrix Polio;AC39B058AC;2016-08-31
Boostrix Polio;AC39B066AB;2017-04-30
Boostrix Polio;AC39B068AG;2017-08-31
Boostrix Polio;AC39B076AM;2017-12-31
Boostrix Polio;AC39B079BN;2018-01-31
Boostrix Polio;AC39B086BI;2018-05-31
Boostrix Polio;AC39B087AL;2018-05-31
Boostrix Polio;AC39B094BG;2018-08-31
Boostrix Polio;AC39B096AD;2018-11-30
Boostrix Polio;AC39B096BH;2018-11-30
Boostrix Polio;AC39B103AG;2019-06-30
Boostrix Polio;AC39B105BD;2019-06-30
Boostrix Polio;AC39B116AF;2020-05-31
Boostrix Polio;AC39B122AE;2020-09-30
Boostrix Polio;AC39B127AK;2020-11-30
Boostrix Polio;AC39B130AH;2021-02-28
Boostrix Polio;AC39B131BF;2021-02-28
Boostrix Polio;AC39B133BK;2021-03-31
Boostrix Polio;AC39B142BI;2022-07-31
Boostrix Polio;AC39B153CC;2023-04-30
Boostrix Polio;AFENA032AC;2022-01-31
Boostrix Polio;S037317;2021-10-31
Boostrix Polio;T004453;2022-01-31
Boostrix Polio;T017847;2022-04-30
Boostrix Polio;T024902;2022-06-30
Hexyon;K0230-2;2016-03-31
Hexyon;M74125V;2018-06-30
Hexyon;M74721V;2018-07-31
Hexyon;N3C654V;2019-01-31
Hexyon;N3C706V;2019-01-31
Hexyon;N3F135V;2019-03-31
Hexyon;N3N721V;2019-08-31
Hexyon;P3H506V;2020-03-31
Hexyon;P3J386V;2020-06-30
Hexyon;P3K137V;2020-06-30
Hexyon;P3M492V;2020-05-31
Hexyon;P3N812V;2020-10-31
Hexyon;R3C181V;2020-12-31
Hexyon;R3C184V;2020-12-31
Hexyon;R3C193V;2020-12-31
Hexyon;R3C337V;2021-01-31
Hexyon;R3K561V;2021-05-31
Hexyon;R3L142V;2021-06-30
Hexyon;R3L185V;2021-06-30
Hexyon;R3L193V;2022-06-30
Hexyon;R3L983V;2021-08-31
Hexyon;R3M762V;2021-07-31
Hexyon;T3C102V;2022-01-31
Hexyon;T3C355V;2023-01-31
Hexyon;T3D215V;2022-02-28
Hexyon;T3D664V;2023-02-28
Hexyon;T3L765V;2022-06-30
Hexyon;T3L824V;2023-05-31
Hexyon;T3L844V;2022-05-31
Hexyon;T3L882V;2022-06-30
Hexyon;T3M303V;2022-07-31
Hexyon;T3M453V;2023-07-31
Hexyon;U3B304V;2023-12-31
Hexyon;U3B612V;2023-12-31
Pneumovax;1033971;2021-05-31
Pneumovax;1034190;2021-11-30
Pneumovax;1034931;2022-01-31
Pneumovax;1035308;2021-08-31
Pneumovax;1035309;2022-01-31
Pneumovax;1036452;2022-07-31
Pneumovax;1036860;2022-08-31
Pneumovax;1037306;2022-08-31
Pneumovax;1037420;2022-08-31
Pneumovax;1037768;2022-12-31
Pneumovax;3000309;2022-09-30
Pneumovax;3001534;2022-10-31
Pneumovax;3002446;2023-01-31
Pneumovax;3004617;2023-04-30
Pneumovax;3006444;2023-04-30
Pneumovax;3007695;2023-07-31
Pneumovax;J005823;2015-02-28
Pneumovax;J008173;2015-03-15
Pneumovax;J009715;2015-02-28
Pneumovax;J009717;2015-02-28
Pneumovax;J009828;2015-02-28
Pneumovax;K001079;2015-11-30
Pneumovax;K005764;2015-12-31
Pneumovax;K009069;2016-04-30
Pneumovax;K009970;2016-04-30
Pneumovax;K015319;2016-06-30
Pneumovax;K021211;2016-09-30
Pneumovax;L020781;2017-04-30
Pneumovax;L025298;2017-05-31
Pneumovax;L031156;2017-07-31
Pneumovax;L033440;2017-08-31
Pneumovax;L044590;2017-08-31
Pneumovax;M004841;2017-08-31
Pneumovax;M016560;2018-01-31
Pneumovax;M031594;2018-02-28
Pneumovax;M037781;2018-02-28
Pneumovax;N002164;2018-09-30
Pneumovax;N007444;2018-09-30
Pneumovax;N007445;2019-02-28
Pneumovax;N014438;2019-03-18
Pneumovax;N030327;2019-05-31
Pneumovax;R004681;2019-09-30
Pneumovax;R017465;2020-06-30
Pneumovax;R018909;2018-10-31
Pneumovax;R023652;2020-08-31
Pneumovax;R031107;2020-08-31
Pneumovax;R035580;2020-09-30
Pneumovax;S009124;2021-01-31
Pneumovax;S024805;2021-06-05
Pneumovax;S034941;2021-08-31
Pneumovax;S034959;2021-08-31
Pneumovax;T004682;2021-09-30
Pneumovax;T019602;2022-01-31
Pneumovax;T024464;2022-08-31
Pneumovax;T035606  ;2022-08-31
Pneumovax;T035607;2022-08-31
Pneumovax;T042161;2022-08-31
Pneumovax;U007896;2023-04-30
Pneumovax;U015928;2023-05-31
Pneumovax;U026127;2023-07-31
Pneumovax;U030012;2023-07-31
Silgard;H022071-1;2015-06-30
Silgard;H022071-1 (PI);2015-06-30
Silgard;J002958-1;2015-09-10
Silgard;J002958-1 (PI);2015-09-10
Silgard;J002958-3;2015-09-10
Silgard;J002958-3 (PI);2015-09-10
Silgard;J002958-4;2015-09-30
Silgard;J002958-4 (PI);2015-09-30
Silgard;J008709(671);2015-11-30
Silgard;J008709(866);2015-11-30
Silgard;K002218(109);2016-06-14
Silgard;K002218-1391;2016-06-14
Silgard;K002218-5077;2016-06-14
Silgard;K002218-5544;2016-06-14
Silgard;K021350-7616;2016-12-04
Silgard;L015138;2017-12-31
Silgard;L044839-2668;2018-05-31
Silgard;M015826-8744;2018-10-31
Silgard;M015830-5810;2018-10-31
Silgard;M021371-2076;2018-10-31
Silgard;M021371-7610;2018-10-31
Silgard;M021371-9171;2018-10-31
Silgard;M021371-9588;2018-10-31
Silgard;M035722-0448;2019-02-28
Silgard;M035722-3955;2019-02-28
Silgard;M040525-1150;2019-02-28
Silgard;M040525-1263;2019-02-28
Silgard;M040525-4091;2019-02-28
Tetraxim;G0095-1;2013-01-31
Tetraxim;G0174-2;2013-02-28
Tetraxim;G0546-3;2013-10-31
Tetraxim;G0555-2;2013-10-31
Tetraxim;H0399-3;2014-07-31
Tetraxim;H7053-3;2014-02-28
Tetraxim;J0003-2;2014-11-30
Tetraxim;J0188-1;2015-01-31
Tetraxim;J0289-4;2015-04-30
Tetraxim;J0314-2;2015-04-30
Tetraxim;J7079-1;2014-11-30
Tetraxim;J7115-2;2015-03-31
Tetraxim;J7288-1;2015-08-31
Tetraxim;K0111-1;2016-02-28
Tetraxim;K0150-1;2016-03-31
Tetraxim;K0150-2;2016-03-31
Tetraxim;K0151-1;2016-03-31
Tetraxim;K04821V;2016-06-30
Tetraxim;K7112-2;2016-03-31
Tetraxim;K7202;2016-05-31
Tetraxim;K7202-2;2016-05-31
Tetraxim;K7203-2;2016-05-31
Tetraxim;K7307-2;2016-08-31
Tetraxim;K7307-4;2016-08-31
Tetraxim;K7345-1;2016-08-31
Tetraxim;L70641V;2017-01-31
Tetraxim;L7125-1;2017-02-28
Tetraxim;L7155-1;2017-03-31
Tetraxim;L7168-1;2017-03-31
Tetraxim;L7386-1;2017-06-30
Tetraxim;L7433-1;2017-08-31
Tetraxim;L75131V;2017-11-30
Tetraxim;L75211V;2017-11-30
Tetraxim;L75213V;2017-11-30
Tetraxim;L75215V;2017-11-30
Tetraxim;L7538-3;2017-10-31
Tetraxim;M03161V;2018-06-30
Tetraxim;M70082V;2017-12-31
Tetraxim;M71011V;2018-02-28
Tetraxim;M71121M;2018-01-31
Tetraxim;M73612V;2018-04-30
Tetraxim;M73681M;2018-05-31
Tetraxim;M73691V;2018-05-31
Tetraxim;N1A201V;2018-09-30
Tetraxim;N3J091V;2019-02-28
Tetraxim;N3J341V;2019-03-31
Tetraxim;N3K132V;2019-08-31
Tetraxim;N3K152V;2019-07-31
Tetraxim;P3A551V;2019-10-31
Tetraxim;P3M013V;2020-09-30
Tetraxim;P3M051V;2020-09-30
Tetraxim;R3A169V;2020-11-30
Tetraxim;R3E091V;2020-10-31
Tetraxim;R3E092V;2020-10-31
Tetraxim;R3F161V;2021-01-31
Tetraxim;R3M221V;2021-08-31
Tetraxim;R3N153V;2021-08-31
Tetraxim;R3N621V;2021-04-30
Tetraxim;T3K302V;2022-03-31
Tetraxim;T3L061V;2022-06-30
Tetraxim;T3L305V;2022-08-31
Tetraxim;T3L691V;2022-06-30
Tetraxim;U3C131V;2022-10-31
Tetraxim;U3C293V;2022-11-30
Tetraxim;U3D263V;2023-01-31
Tetraxim;U3D994V;2023-01-31
Tetraxim;U3E012V;2022-12-31
Pentaxim;G4136-1;2013-01-31
Pentaxim;G4151-1;2013-02-28
Pentaxim;H4021-2;2013-04-30
Pentaxim;H4032-1;2013-06-30
Pentaxim;H4084-1;2013-10-31
Pentaxim;J4042-1;2014-09-30
Pentaxim;J4056-1;2014-09-30
Pentaxim;J4066-1;2014-10-31
Pentaxim;J4083-2;2014-10-31
Pentaxim;J4123-1;2014-10-31
Pentaxim;K2125-1;2015-07-31
Pentaxim;K4012-1;2015-03-31
Pentaxim;K4038-1;2015-05-01
Pentaxim;K4076-1;2015-07-31
Pentaxim;K4096-1;2017-03-30
Pentaxim;K4167-1;2016-02-28
Pentaxim;L4012-2;2016-02-28
Pentaxim;L4019-1;2016-02-28
Pentaxim;L4113-1;2016-03-31
Pentaxim;L4122-1;2016-03-31
Pentaxim;L4176-1;2100-01-01
Pentaxim;L4193-1;2016-10-31
diTekiBooster;KB0005B;2016-12-31
diTekiBooster;KB0005C;2016-12-31
diTekiBooster;KB0007A;2017-04-30
diTekiBooster;KB0007B;2017-04-30
diTekiBooster;KB0009A;2017-07-31
diTekiBooster;KB0009B;2017-07-31
diTekiBooster;KB0010A;2017-08-31
diTekiBooster;KB0011A;2017-12-31
diTekiBooster;KB0011B;2017-12-31
diTekiBooster;KB0014A;2018-05-31
diTekiBooster;KB0015A;2018-09-30
diTekiBooster;KB0015B;2018-09-30
diTekiBooster;KB0015C;2018-09-30
diTekiBooster;KB0016A;2019-08-31
diTekiBooster;KB0016B;2019-08-31
diTekiBooster;KB0017B;2019-12-31
diTekiBooster;KB0017C;2019-12-31
diTekiBooster;KB0018B;2020-03-31
diTekiBooster;KB0019A;2020-06-30
diTekiBooster;KB0020B;2020-06-30
diTekiBooster;KB0020C;2020-06-30
diTekiBooster;KB0025B;2021-02-28
diTekiBooster;KB0026A;2021-04-30
diTekiBooster;KB0028B;2021-04-30
diTekiBooster;KB0029A;2021-04-30
diTekiBooster;KB0032B;2021-07-31
diTekiBooster;KB0033A;2021-07-31
diTekiBooster;KB0035B;2021-08-31
diTekiBooster;KB0038C;2021-10-31
diTekiBooster;KB0040B;2021-11-30
diTekiBooster;KB0042B;2022-01-31
diTekiBooster;KB0042C;2022-01-31
diTekiBooster;KB0042E;2022-01-31
diTekiBooster;KB0046A;2022-03-31
diTekiBooster;KB0059A;2023-03-31
diTekiBooster;KB0060A;2023-04-30
diTekiBooster;KB0061A;2023-05-31
diTekiBooster;KB0061B;2023-05-31
diTekiBooster;KB0065B;2023-10-31
diTekiBooster;KB0067A;2024-01-31
Tetravac Acellulaire;J0188-1;2015-01-31
Tetravac Acellulaire;J0289-4;2015-04-30
Tetravac Acellulaire;J0314-2;2015-04-30
Tetravac Acellulaire;J7115-2;2015-03-31
Tetravac Acellulaire;J7288-1;2015-08-31
Tetravac Acellulaire;K0111-1;2016-02-28
Tetravac Acellulaire;K04821V;2016-06-30
Tetravac Acellulaire;K7112-2;2016-03-31
Tetravac Acellulaire;K7202;2016-05-31
Tetravac Acellulaire;K7202-2;2016-05-31
Tetravac Acellulaire;K7203-2;2016-05-31
Tetravac Acellulaire;K7307-2;2016-08-31
Tetravac Acellulaire;K7307-4;2016-08-31
Tetravac Acellulaire;K7345-1;2016-08-31
Tetravac Acellulaire;L70641V;2017-01-31
Tetravac Acellulaire;L7125-1;2017-02-28
Tetravac Acellulaire;L7155-1;2017-03-31
Tetravac Acellulaire;L7168-1;2017-03-31
Tetravac Acellulaire;L7386-1;2017-06-30
Tetravac Acellulaire;L7433-1;2017-08-31
Tetravac Acellulaire;L75131V;2017-11-30
Tetravac Acellulaire;L75211V;2017-11-30
Tetravac Acellulaire;L75213V;2017-11-30
Tetravac Acellulaire;L75215V;2017-11-30
Tetravac Acellulaire;L7538-3;2017-10-31
Tetravac Acellulaire;M03161V;2018-06-30
Tetravac Acellulaire;M70082V;2017-12-31
Tetravac Acellulaire;M71011V;2018-02-28
Tetravac Acellulaire;M71121M;2018-01-31
Tetravac Acellulaire;M73612V;2018-04-30
Tetravac Acellulaire;M73681M;2018-05-31
Tetravac Acellulaire;M73691V;2018-05-31
Tetravac Acellulaire;N1A201V;2018-09-30
Tetravac Acellulaire;N3J091V;2019-02-28
Tetravac Acellulaire;N3J341V;2019-03-31
Tetravac Acellulaire;N3K132V;2019-08-31
Tetravac Acellulaire;N3K152V;2019-07-31
Tetravac Acellulaire;P3A551V;2019-10-31
Tetravac Acellulaire;P3M013V;2020-09-30
Tetravac Acellulaire;P3M051V;2020-09-30
Tetravac Acellulaire;R3A169V;2020-11-30
Tetravac Acellulaire;R3E091V;2020-10-31
Tetravac Acellulaire;R3E092V;2020-10-31
Tetravac Acellulaire;R3F161V;2021-01-31
Tetravac Acellulaire;R3M221V;2021-08-31
Tetravac Acellulaire;R3N153V;2021-08-31
Tetravac Acellulaire;R3N621V;2021-04-30
Tetravac Acellulaire;T3K302V;2022-03-31
Tetravac Acellulaire;T3L061V;2022-06-30
Tetravac Acellulaire;T3L305V;2022-08-31
Tetravac Acellulaire;T3L691V;2022-06-30
Tetravac Acellulaire;U3C131V;2022-10-31
Tetravac Acellulaire;U3C293V;2022-11-30
Tetravac Acellulaire;U3D263V;2023-01-31
Tetravac Acellulaire;U3D994V;2023-01-31
Tetravac Acellulaire;U3E012V;2022-12-31
Tetavax;K7264-7;2016-08-31
Tetavax;K7296-3;
Tetanol pur;033041A;2017-11-30
Tetanol pur;033081C;2017-11-30
Tetanol pur;033401A;
Tetanol pur;03402A;
Tetanol pur;0340524;
Tetanol pur;034052A;2018-06-30
Tetanol pur;037041A;
Tetanol pur;038121A;2021-09-30
Tetanol pur;038121C;2021-09-30
Tetanol pur;1580;
Tetanol pur;A034052A;
Tetanol pur;AT038F12;2021-09-30
Tetanol pur;AT038F1C;2021-09-30
Tetanol pur;AT038F1Z;2021-09-30
Tetanol pur;AT038PZA;2021-09-30
Tetanol pur;AT08PZB;
Tetanol pur;ATA01H1C;2022-08-31
Tetanol pur;ATO38PZB;2021-09-30
Pentavac utan Hib;G4136-1;2013-01-31
Pentavac utan Hib;G4151-1;2013-02-28
Pentavac utan Hib;H4021-2;2013-04-30
Pentavac utan Hib;H4032-1;2013-06-30
Pentavac utan Hib;H4084-1;2013-10-31
Pentavac utan Hib;J4042-1;2014-09-30
Pentavac utan Hib;J4056-1;2014-09-30
Pentavac utan Hib;J4066-1;2014-10-31
Pentavac utan Hib;J4083-2;2014-10-31
Pentavac utan Hib;J4123-1;2014-10-31
Pentavac utan Hib;K2125-1;2015-07-31
Pentavac utan Hib;K4012-1;2015-03-31
Pentavac utan Hib;K4038-1;2015-05-01
Pentavac utan Hib;K4076-1;2015-07-31
Pentavac utan Hib;K4096-1;2017-03-30
Pentavac utan Hib;K4167-1;2016-02-28
Pentavac utan Hib;L4012-2;2016-02-28
Pentavac utan Hib;L4019-1;2016-02-28
Pentavac utan Hib;L4113-1;2016-03-31
Pentavac utan Hib;L4122-1;2016-03-31
Pentavac utan Hib;L4176-1;2100-01-01
Pentavac utan Hib;L4193-1;2016-10-31
Infanrix-Polio+Hib utan Hib;A20CA650A;2013-02-28
Infanrix-Polio+Hib utan Hib;A20CA650F;2013-02-28
Infanrix-Polio+Hib utan Hib;A20CA651B;2013-02-28
Infanrix-Polio+Hib utan Hib;A20CA727B;2013-08-31
Infanrix-Polio+Hib utan Hib;A20CA728B;2013-07-31
Infanrix-Polio+Hib utan Hib;A20CA729A;2013-08-31
Infanrix-Polio+Hib utan Hib;A20CA745A;2013-02-28
Infanrix-Polio+Hib utan Hib;A20CA748C;2013-02-28
Infanrix-Polio+Hib utan Hib;A20CA764G;2014-02-28
Infanrix-Polio+Hib utan Hib;A20CA835C;2014-07-31
Infanrix-Polio+Hib utan Hib;A20CA962A;2015-03-31
Infanrix-Polio+Hib utan Hib;A20CB027B;2015-09-30
Infanrix-Polio+Hib utan Hib;A20CB121B;2016-02-28
Infanrix-Polio+Hib utan Hib;A20CB148A;2016-03-31
Infanrix-Polio+Hib utan Hib;A20CB162A;2016-03-31
Infanrix-Polio+Hib utan Hib;A20CB182A;2016-05-31
Infanrix-Polio+Hib utan Hib;A20CB234A;2017-03-31
Infanrix-Polio+Hib utan Hib;A20CB250A;2017-02-28
Infanrix-Polio+Hib utan Hib;A20CB278A;2017-02-28
Infanrix-Polio+Hib utan Hib;A20CB289A;2017-03-31
Infanrix-Polio+Hib utan Hib;A20CB295B;2017-02-28
Infanrix-Polio+Hib utan Hib;A20CB299A;2017-02-28
Infanrix-Polio+Hib utan Hib;A20CB311A;2017-09-30
Diphtherie-Adsorbat-Impfstoff;004021A;2016-01-31
Diphtherie-Adsorbat-Impfstoff;004031A;2018-11-21
Tetravac (Tetraxim);J0188-1;2015-01-31
Tetravac (Tetraxim);J0289-4;2015-04-30
Tetravac (Tetraxim);J0314-2;2015-04-30
Tetravac (Tetraxim);J7115-2;2015-03-31
Tetravac (Tetraxim);J7288-1;2015-08-31
Tetravac (Tetraxim);K0111-1;2016-02-28
Tetravac (Tetraxim);K0150-1;2016-03-31
Tetravac (Tetraxim);K0150-2;2016-03-31
Tetravac (Tetraxim);K0151-1;2016-03-31
Tetravac (Tetraxim);K04821V;2016-06-30
Tetravac (Tetraxim);K7112-2;2016-03-31
Tetravac (Tetraxim);K7202;2016-05-31
Tetravac (Tetraxim);K7202-2;2016-05-31
Tetravac (Tetraxim);K7203-2;2016-05-31
Tetravac (Tetraxim);K7307-2;2016-08-31
Tetravac (Tetraxim);K7307-4;2016-08-31
Tetravac (Tetraxim);K7345-1;2016-08-31
Tetravac (Tetraxim);L70641V;2017-01-31
Tetravac (Tetraxim);L7125-1;2017-02-28
Tetravac (Tetraxim);L7155-1;2017-03-31
Tetravac (Tetraxim);L7168-1;2017-03-31
Tetravac (Tetraxim);L7386-1;2017-06-30
Tetravac (Tetraxim);L7433-1;2017-08-31
Tetravac (Tetraxim);L75131V;2017-11-30
Tetravac (Tetraxim);L75211V;2017-11-30
Tetravac (Tetraxim);L75213V;2017-11-30
Tetravac (Tetraxim);L75215V;2017-11-30
Tetravac (Tetraxim);L7538-3;2017-10-31
Tetravac (Tetraxim);M03161V;2018-06-30
Tetravac (Tetraxim);M70082V;2017-12-31
Tetravac (Tetraxim);M71011V;2018-02-28
Tetravac (Tetraxim);M71121M;2018-01-31
Tetravac (Tetraxim);M73612V;2018-04-30
Tetravac (Tetraxim);M73681M;2018-05-31
Tetravac (Tetraxim);M73691V;2018-05-31
Tetravac (Tetraxim);N1A201V;2018-09-30
Tetravac (Tetraxim);N3J091V;2019-02-28
Tetravac (Tetraxim);N3J341V;2019-03-31
Tetravac (Tetraxim);N3K132V;2019-08-31
Tetravac (Tetraxim);N3K152V;2019-07-31
Tetravac (Tetraxim);P3A551V;2019-10-31
Tetravac (Tetraxim);P3M013V;2020-09-30
Tetravac (Tetraxim);P3M051V;2020-09-30
Tetravac (Tetraxim);R3A169V;2020-11-30
Tetravac (Tetraxim);R3E091V;2020-10-31
Tetravac (Tetraxim);R3E092V;2020-10-31
Tetravac (Tetraxim);R3F161V;2021-01-31
Tetravac (Tetraxim);R3M221V;2021-08-31
Tetravac (Tetraxim);R3N153V;2021-08-31
Tetravac (Tetraxim);R3N621V;2021-04-30
Tetravac (Tetraxim);T3K302V;2022-03-31
Tetravac (Tetraxim);T3L061V;2022-06-30
Tetravac (Tetraxim);T3L305V;2022-08-31
Tetravac (Tetraxim);T3L691V;2022-06-30
Tetravac (Tetraxim);U3C131V;2022-10-31
Tetravac (Tetraxim);U3C293V;2022-11-30
Tetravac (Tetraxim);U3D263V;2023-01-31
Tetravac (Tetraxim);U3D994V;2023-01-31
Tetravac (Tetraxim);U3E012V;2022-12-31
Difteri-RE;D531202A;
Difteri-RE;D691201A;
Infanrix Hexa utan Hib;A21CB008A;2013-02-28
Infanrix Hexa utan Hib;A21CB008B;2013-02-28
Infanrix Hexa utan Hib;A21CB032A;2013-06-30
Infanrix Hexa utan Hib;A21CB044A;2013-04-30
Infanrix Hexa utan Hib;A21CB104A;2013-05-31
Infanrix Hexa utan Hib;A21CB111A;2013-08-31
Infanrix Hexa utan Hib;A21CB112A;2013-02-28
Infanrix Hexa utan Hib;A21CB131A;2013-03-31
Infanrix Hexa utan Hib;A21CB196A;2014-01-31
Infanrix Hexa utan Hib;A21CB200D;2013-09-30
Infanrix Hexa utan Hib;A21CB202A;2013-08-31
Infanrix Hexa utan Hib;A21CB213B;2014-02-28
Infanrix Hexa utan Hib;A21CB302A;2013-11-30
Infanrix Hexa utan Hib;A21CB425A;2014-01-31
Infanrix Hexa utan Hib;A21CB542A;2014-08-31
Infanrix Hexa utan Hib;A21CB596C;2014-09-30
Infanrix Hexa utan Hib;A21CB613A;2014-09-30
Infanrix Hexa utan Hib;A21CB691B;2015-02-28
Infanrix Hexa utan Hib;A21CB697A;2014-12-31
Infanrix Hexa utan Hib;A21CB962A;2015-05-31
Infanrix Hexa utan Hib;A21CB963A;2015-04-30
Infanrix Hexa utan Hib;A21CB980C;2015-10-31
Infanrix Hexa utan Hib;A21CC023A;2015-06-30
Infanrix Hexa utan Hib;A21CC208A;2016-02-28
Infanrix Hexa utan Hib;A21CC209A;2016-03-31
Infanrix Hexa utan Hib;A21CC238A;2016-04-30
Infanrix Hexa utan Hib;A21CC332A;2016-08-31
Infanrix Hexa utan Hib;A21CC354A;2017-01-31
Infanrix Hexa utan Hib;A21CC373A;2017-03-31
Infanrix Hexa utan Hib;A21CC387A;2017-01-31
Infanrix Hexa utan Hib;A21CC431A;2017-04-30
Infanrix Hexa utan Hib;A21CC432A;2017-05-31
Infanrix Hexa utan Hib;A21CC480A;2017-09-30
Infanrix Hexa utan Hib;A21CC500A;2017-08-31
Infanrix Hexa utan Hib;A21CC530C;2017-08-31
Infanrix Hexa utan Hib;A21CC548A;2017-08-31
Infanrix Hexa utan Hib;A21CC549A;2017-08-31
Infanrix Hexa utan Hib;A21CC557A;2017-09-30
Infanrix Hexa utan Hib;A21CC584A;2017-12-31
Infanrix Hexa utan Hib;A21CC603A;2018-02-28
Infanrix Hexa utan Hib;A21CC616A;2017-12-31
Infanrix Hexa utan Hib;A21CC626A;2018-02-28
Infanrix Hexa utan Hib;A21CC627A;2018-02-28
Infanrix Hexa utan Hib;A21CC655A;2018-04-30
Infanrix Hexa utan Hib;A21CC670A;2018-02-28
Infanrix Hexa utan Hib;A21CC706A;2018-03-31
Infanrix Hexa utan Hib;A21CC707A;2018-03-31
Infanrix Hexa utan Hib;A21CC732A;2018-05-31
Infanrix Hexa utan Hib;A21CC768B;2018-06-30
Infanrix Hexa utan Hib;A21CC779A;2018-08-31
Infanrix Hexa utan Hib;A21CC848B;2019-02-28
Infanrix Hexa utan Hib;A21CC894A;2019-02-28
Tetravac (Tetraxim) (Tetravac Acellulaire);(L70641V;2017-01-31
Tetravac (Tetraxim) (Tetravac Acellulaire);K04821V;2016-06-30
Tetravac (Tetraxim) (Tetravac Acellulaire);K7307-2;2016-08-31
Tetravac (Tetraxim) (Tetravac Acellulaire);K7307-4;2016-08-31
Tetravac (Tetraxim) (Tetravac Acellulaire);K7345-1;2016-08-31
Tetravac (Tetraxim) (Tetravac Acellulaire);L70641V;2017-01-31
Tetravac (Tetraxim) (Tetravac Acellulaire);L7125-1;2017-02-28
Tetravac (Tetraxim) (Tetravac Acellulaire);L7155-1;2017-03-31
Tetravac (Tetraxim) (Tetravac Acellulaire);L7168-1;2017-03-31
Tetravac (Tetraxim) (Tetravac Acellulaire);L7386-1;2017-06-30
Tetravac (Tetraxim) (Tetravac Acellulaire);L7433-1;2017-08-31
Tetravac (Tetraxim) (Tetravac Acellulaire);L75131V;2017-11-30
Tetravac (Tetraxim) (Tetravac Acellulaire);L75131V);2017-11-30
Tetravac (Tetraxim) (Tetravac Acellulaire);L75211V;2017-11-30
Tetravac (Tetraxim) (Tetravac Acellulaire);L75213V;2017-11-30
Tetravac (Tetraxim) (Tetravac Acellulaire);L75215V;2017-11-30
Tetravac (Tetraxim) (Tetravac Acellulaire);L7538-3;2017-10-31
Tetravac (Tetraxim) (Tetravac Acellulaire);M03161V;2018-06-30
Tetravac (Tetraxim) (Tetravac Acellulaire);M70082V;2017-12-31
Tetravac (Tetraxim) (Tetravac Acellulaire);M71011V;2018-02-28
Tetravac (Tetraxim) (Tetravac Acellulaire);M71121M;2018-01-31
Tetravac (Tetraxim) (Tetravac Acellulaire);M73612V;2018-04-30
Tetravac (Tetraxim) (Tetravac Acellulaire);M73681M;2018-05-31
Tetravac (Tetraxim) (Tetravac Acellulaire);M73691V;2018-05-31
Tetravac (Tetraxim) (Tetravac Acellulaire);N1A201V;2018-09-30
Tetravac (Tetraxim) (Tetravac Acellulaire);N3J091V;2019-02-28
Tetravac (Tetraxim) (Tetravac Acellulaire);N3J341V;2019-03-31
Tetravac (Tetraxim) (Tetravac Acellulaire);N3K132V;2019-08-31
Tetravac (Tetraxim) (Tetravac Acellulaire);N3K152V;2019-07-31
Tetravac (Tetraxim) (Tetravac Acellulaire);P3A551V;2019-10-31
Tetravac (Tetraxim) (Tetravac Acellulaire);P3M013V;2020-09-30
Tetravac (Tetraxim) (Tetravac Acellulaire);P3M051V;2020-09-30
Tetravac (Tetraxim) (Tetravac Acellulaire);R3A169V;2020-11-30
Tetravac (Tetraxim) (Tetravac Acellulaire);R3E091V;2020-10-31
Tetravac (Tetraxim) (Tetravac Acellulaire);R3E092V;2020-10-31
Tetravac (Tetraxim) (Tetravac Acellulaire);R3F161V;2021-01-31
Tetravac (Tetraxim) (Tetravac Acellulaire);R3M221V;2021-08-31
Tetravac (Tetraxim) (Tetravac Acellulaire);R3N153V;2021-08-31
Tetravac (Tetraxim) (Tetravac Acellulaire);R3N621V;2021-04-30
Tetravac (Tetraxim) (Tetravac Acellulaire);T3K302V;2022-03-31
Tetravac (Tetraxim) (Tetravac Acellulaire);T3L061V;2022-06-30
Tetravac (Tetraxim) (Tetravac Acellulaire);T3L305V;2022-08-31
Tetravac (Tetraxim) (Tetravac Acellulaire);T3L691V;2022-06-30
Tetravac (Tetraxim) (Tetravac Acellulaire);U3C131V;2022-10-31
Tetravac (Tetraxim) (Tetravac Acellulaire);U3C293V;2022-11-30
Tetravac (Tetraxim) (Tetravac Acellulaire);U3D263V;2023-01-31
Tetravac (Tetraxim) (Tetravac Acellulaire);U3D994V;2023-01-31
Tetravac (Tetraxim) (Tetravac Acellulaire);U3E012V;2022-12-31
Gardasil 9;1032256;2022-05-31
Gardasil 9;1032279;2022-05-31
Gardasil 9;1033599;2022-07-31
Gardasil 9;1033609;2022-07-31
Gardasil 9;1033974;2022-11-30
Gardasil 9;1034925;2022-11-30
Gardasil 9;1034991;2022-11-30
Gardasil 9;1035426;2022-11-30
Gardasil 9;1035453;2022-12-31
Gardasil 9;1035845;2022-12-31
Gardasil 9;1035972;2022-12-31
Gardasil 9;1036877;2023-05-31
Gardasil 9;1037298;2023-05-31
Gardasil 9;3007704;2024-01-31
Gardasil 9;N021353;2019-09-30
Gardasil 9;N024545;2019-09-30
Gardasil 9;R000608;2020-04-30
Gardasil 9;R004395;2020-04-30
Gardasil 9;R023647;2021-04-30
Gardasil 9;R029684;2021-06-30
Gardasil 9;S003731;2021-10-31
Gardasil 9;S024811;2022-01-31
Gardasil 9;T017807;2022-12-31
Gardasil 9;T040129;2023-07-31
Gardasil 9;T041550;2023-07-31
Gardasil 9;U006237;2023-08-31
Gardasil 9;U009459;2023-08-31
Gardasil 9;U009478;2023-07-31
Gardasil 9;U011388;2023-11-30
Gardasil 9;U016170;2023-11-30
Gardasil 9;U021947;2023-12-31
Gardasil 9;U025194;2023-12-31
Gardasil 9;U029094;2024-02-29
Gardasil 9;U035873;2024-02-29
Gardasil 9;U038756;2024-02-29
Gardasil 9;W000819;2024-07-31
Td-pur, injektionsvätska, suspension, förfylld spruta;0720231A;
Td-pur, injektionsvätska, suspension, förfylld spruta;072031A;
Td-pur, injektionsvätska, suspension, förfylld spruta;072031E;
Td-pur, injektionsvätska, suspension, förfylld spruta;074361C;
Td-pur, injektionsvätska, suspension, förfylld spruta;B07203IE;
Td-pur, injektionsvätska, suspension, förfylld spruta;D0330;
Td-RIX, injektionsvätska, suspension;AA12B041AA;2018-11-21
Td-RIX, injektionsvätska, suspension;AC12043BA;
Td-RIX, injektionsvätska, suspension;AC1213043BE;2018-11-21
Td-RIX, injektionsvätska, suspension;AC12B0414F;2018-11-21
Td-RIX, injektionsvätska, suspension;AC12B04313A;2018-11-21
Td-RIX, injektionsvätska, suspension;AC12B043AF;2017-09-30
Td-RIX, injektionsvätska, suspension;AC12B043BA;2018-11-21
Td-RIX, injektionsvätska, suspension;AC12B043BE;2018-11-21
Td-RIX, injektionsvätska, suspension;AC12B044AA;
Td-RIX, injektionsvätska, suspension;AC12B044AC;
Td-RIX, injektionsvätska, suspension;D0330;
Tetadif, inj vätska, lösning;00330;
Tetadif, inj vätska, lösning;D0030;
Tetadif, inj vätska, lösning;D010-03;2018-11-21
Tetadif, inj vätska, lösning;D0180-03;2018-11-21
Tetadif, inj vätska, lösning;D0180-04;2018-11-21
Tetadif, inj vätska, lösning;D0330;2019-01-31
Rotarix;AROLB824AB;2019-07-31
Rotarix;AROLB824AC;2019-07-31
Rotarix;AROLB855AD;2019-08-31
Rotarix;AROLB860AA;2019-09-30
Rotarix;AROLB869BA;2019-09-30
Rotarix;AROLB897AB;2019-10-31
Rotarix;AROLB897AD;2019-10-31
Rotarix;AROLB901AE;2019-10-31
Rotarix;AROLB959AD;2020-01-31
Rotarix;AROLC010AB;2020-05-31
Rotarix;AROLC065BB;2020-09-30
Rotarix;AROLC065BF;2020-09-30
Rotarix;AROLC146BD;2020-12-31
Rotarix;AROLC259AB;2021-04-30
Rotarix;AROLC259AF;2021-04-30
Rotarix;AROLC259AH;2021-04-30
Rotarix;AROLC284AC;2021-05-31
Rotarix;AROLC300AA;2021-06-30
Rotarix;AROLC807AC;2022-12-31
Rotarix;AROLC835AA;2023-01-31
Rotarix;AROLC983AB;2023-06-30
Rotarix;AROLC989AC;2023-07-31
Rotarix;AROLD085AE;2023-10-31
Rotarix;AROLD089AH;2023-11-30
Rotarix;AROLD090BD;2023-11-30
Rotarix;AROLD307AD;2024-06-30
RotaTeq;N012583;2019-02-28
RotaTeq;N033679;2019-08-31
RotaTeq;R007650;2019-10-31
RotaTeq;R013354;2019-11-30
RotaTeq;R013355;2019-11-30
RotaTeq;R013812;2019-11-30
RotaTeq;R017943;2020-02-28
RotaTeq;S008202;2020-10-31
RotaTeq;S031688;2021-03-31
RotaTeq;U004070;2022-06-30
Repevax;T3C805V;2021-12-31
Comirnaty;1F1013A;2021-12-31
Comirnaty;1F1015A;2021-12-31
Comirnaty;1F1046A;2022-07-31
Comirnaty;1H049A;2022-01-31
Comirnaty;31134TB;2022-01-31
Comirnaty;EJ6134;2021-04-30
Comirnaty;EJ6136;2021-04-30
Comirnaty;EJ6790;2021-05-31
Comirnaty;EJ6795;2021-04-30
Comirnaty;EJ6796;2021-04-30
Comirnaty;EJ6797;2021-04-30
Comirnaty;EK9788;2021-05-31
Comirnaty;EL0725;2021-03-31
Comirnaty;EL1484;2021-04-30
Comirnaty;EP2163;2021-05-31
Comirnaty;EP2166;2021-05-31
Comirnaty;EP9598;2021-06-30
Comirnaty;ER7812;2021-06-30
Comirnaty;ER9470;2021-07-31
Comirnaty;ET3620;2021-06-30
Comirnaty;ET7205;2021-07-31
Comirnaty;EW2239;2021-07-31
Comirnaty;EW2246;2021-07-31
Comirnaty;EW4815;2021-07-31
Comirnaty;EW5279;2021-07-31
Comirnaty;EW6326;2021-07-31
Comirnaty;EW9127;2021-07-31
Comirnaty;EX6537;2021-08-31
Comirnaty;EX8680;2021-08-31
Comirnaty;EY2172;2021-08-31
Comirnaty;FA4632;2021-09-30
Comirnaty;FA5715;2021-08-31
Comirnaty;FA5833;2021-09-30
Comirnaty;FA7842;2021-09-30
Comirnaty;FA8016;2021-09-30
Comirnaty;FC0681;2021-09-30
Comirnaty;FC1435;2021-10-31
Comirnaty;FD1921;2021-09-30
Comirnaty;FD4555;2021-10-31
Comirnaty;FD6840;2021-10-31
Comirnaty;FD9309;2021-10-31
Comirnaty;FE3065;2021-10-31
Comirnaty;FE4721;2021-10-31
Comirnaty;FE4728;2021-10-31
Comirnaty;FE6208;2021-10-31
Comirnaty;FE8235;2021-11-30
Comirnaty;FF0680;2021-10-31
Comirnaty;FF2382;2021-12-31
Comirnaty;FF2832;2021-11-30
Comirnaty;FF3318;2021-10-31
Comirnaty;FG3739;2021-12-31
Comirnaty;FG4442;2021-11-30
Comirnaty;FG7898;2021-12-31
Comirnaty;FH0161;2021-12-31
Comirnaty;FJ5973;2022-01-31
Comirnaty;FJ8372;2021-12-31
Comirnaty;FK6268;2022-02-28
Comirnaty;FK6304;2022-01-31
Comirnaty;FK9707;2022-06-30
Comirnaty;FL4213;2022-06-30
Comirnaty;FL4574;2022-02-28
Comirnaty;FL5324;2022-02-28
Comirnaty;FL7645;2022-02-28
Comirnaty;FM4289;2022-06-30
Comirnaty;FM9088;2022-07-31
Comirnaty;FN4072;2022-03-31
Comirnaty;FN4074;2022-04-30
Comirnaty;FN4365;2022-06-30
Comirnaty;FN5496;2022-06-30
Comirnaty;FN5519;2022-07-31
Comirnaty;FP1972;2022-04-30
Comirnaty;FP8234;2022-07-31
Comirnaty;PCA0020;2022-01-31
Comirnaty;PCA0022;2022-01-31
Comirnaty;PCB0003;2021-11-30
Comirnaty;SDCH8;2022-01-31
Comirnaty;SDCN1;2022-01-31
Comirnaty;SDFW7;2022-02-28
Spikevax;000033BA;2022-04-03
Spikevax;000037A;2022-04-04
Spikevax;000151A;2022-06-20
Spikevax;000162A;2022-06-22
Spikevax;000184A;2022-06-30
Spikevax;000190A;2022-07-01
Spikevax;000191A;2022-07-03
Spikevax;000200A;2022-07-06
Spikevax;000202A;2022-07-06
Spikevax;000209A;2022-07-09
Spikevax;000210A;2022-07-10
Spikevax;008G21A;2022-02-18
Spikevax;016G21A;2022-02-27
Spikevax;023F21A;2022-01-09
Spikevax;090F21A;2022-02-14
Spikevax;214001;2021-11-13
Spikevax;214029;2022-02-18
Spikevax;300042698;2021-06-18
Spikevax;300042721;2021-08-11
Spikevax;300042722;2021-08-14
Spikevax;3000493;2021-08-30
Spikevax;3001177;2021-09-18
Spikevax;3001531;2021-09-28
Spikevax;3001659;2021-10-16
Spikevax;3001942;2021-10-26
Spikevax;3001946;2021-10-26
Spikevax;3002188;2021-11-12
Spikevax;3002338;2021-11-19
Spikevax;3002614;2021-11-26
Spikevax;3002916;2021-12-05
Spikevax;3002920;2021-12-11
Spikevax;3003610;2021-12-27
Spikevax;3003659;2022-01-01
Spikevax;3004218;2022-01-04
Spikevax;3004493;2022-01-12
Spikevax;3004670;2022-01-16
Spikevax;3004955;2022-01-27
Spikevax;3005238;2022-02-03
Spikevax;3005242;2022-02-04
Spikevax;3005697;2022-02-17
Spikevax;3005835;2022-02-24
Spikevax;3006270;2022-03-01
Spikevax;3006273;2022-03-05
Spikevax;3006320;2022-03-14
Spikevax;3006322;2022-03-11
Spikevax;3006324;2022-03-12
Spikevax;3006328;2022-03-17
Vaxzevria;ABV1267;2021-06-16
Vaxzevria;ABV3025;2021-05-31
Vaxzevria;ABV3976;2021-07-07
Vaxzevria;ABV5297;2021-06-30
Vaxzevria;ABV5300;2021-06-30
Vaxzevria;ABV5441;2021-06-30
Vaxzevria;ABV5443;2021-06-30
Vaxzevria;ABV5811;2021-06-30
Vaxzevria;ABV5839;2021-06-30
Vaxzevria;ABV6514;2021-06-30
Vaxzevria;ABV7764;2021-06-30
Vaxzevria;ABW0003;2021-07-31
Vaxzevria;ABW003;2021-07-31
Vaxzevria;ABW0891;2021-07-31
Vaxzevria;ABW2953;2021-07-31
Vaxzevria;ABW4740;2021-07-31
Vaxzevria;ABW4805;2021-07-31
Vaxzevria;ABW9941;2021-07-31
Vaxzevria;ABX3502;2021-08-31
Vaxzevria;ABX3519;2021-08-31
Vaxzevria;ABX5182;2021-08-31
COVID-19 Vaccine Janssen;21C10-04;2023-02-28
COVID-19 Vaccine Janssen;XD955;2023-02-28
