email_id,contact_no,address1,address2,address3
eliasson.evald@gmail.com,"+46 (0)745 886 289","Jimgatan 67T",Näsum,"882 28"
engelbert36@sundstrom.com,"+46 (0)8 486 59 13","Engström Väg 4K",Stenhamra,"532 00"
jlundin@berg.net,+46(0)7031229,"Vasastigen 2",Yttersjö,17281
aberg.werner@blomqvist.com,"+46 132 232 629","Linnébacken 3318",Sundhultsbrunn,"582 63"
tove.lindberg@nystrom.com,045780160,"Linnéliden 1",Björna,59430
vjansson@gmail.com,"018-310 060","Tureliden 24I",Köping,"414 89"
harriet49@sundstrom.info,"+46 (0)19 92 86 04","Fredriksson Gata 219",Skriketorp,20801
farvidsson@gmail.com,"095-611 95 21","Brunnsgatan 63B",Hackås,"947 96"
wlindholm@sundstrom.com,"08-60 50 27","Sjögrenvägen 8I",Gamleby,"915 62"
falk.anshelm@nystrom.com,020655551,"Linnébacken 78",Marmorbyn,71785
viggo.sjogren@lundin.com,+46(0)7028837,"Lillliden 110",Ekeby,"416 32"
leontina.jonasson@henriksson.biz,"+46 (0)8 868 28 21","Håkansson Gata 46",Åmål,86187
glundstrom@yahoo.com,+46(0)233410582,"Marianavägen 94E",Veinge,"177 21"
oolofsson@falk.net,"050-48 68 23","Per-Erikvägen 6",Teckomatorp,79871
daga60@lundqvist.org,+46(0)652652531,"Lundström Gata 4",Herrestad,"331 06"
hfredriksson@hotmail.com,"08-906 10 00","Brunnsbacken 2829","Kumla kyrkby","778 63"
gunnarsson.reinhold@hotmail.com,"+46 (0)141 469 26","Berg Allé 37I",Hoting,"289 06"
werner30@gmail.com,014557105,"Mårtenssonstigen 221",Torestorp,"160 73"
kurt53@gmail.com,044039095,"Hamnstigen 2",Jäderfors,"540 98"
kholmgren@hotmail.com,"0880-765 29","Larsson Väg 98",Stugun,63265
friedrich.stromberg@martinsson.com,"08-255 398 30","Ringvägen 922",Strömstad,55290
kent.strom@yahoo.com,"087-93 32 41","Brunnsliden 6547",Söderhamn,"117 83"
mimmi.hansson@hotmail.com,"+46 569 505 099","Sixtenbacken 90","Skavkulla och Skillingenäs",64754
jonny.abrahamsson@hotmail.com,"078-771 525","Ringbacken 9",Herrljunga,"507 00"
dviklund@larsson.biz,"08-043 155 39","Ringgränd 3G",Åmsele,78484
gviklund@yahoo.com,"032-458 08 43","Marinabacken 81",Lundsbrunn,88693
mathilda.fransson@hotmail.com,"030-000 10 59","Holmbergbacken 28",Stenungsön,73560
bjork.kalevi@gunnarsson.biz,068283733,"Linnégränd 52F",Hälleviksstrand,"225 67"
annemarie.mansson@jonsson.org,+4657807833,"Lillvägen 168",Viksjöfors,52284
stromberg.tryggve@yahoo.com,+46(0)719632243,"Åkessongränd 63",Totebo,25595
johansson.helena@magnusson.com,"+46 (0)9046386","Lillstigen 540",Rävemåla,"530 96"
dagmar51@engstrom.biz,"08-444 225 48","Hildagatan 282",Backberg,53797
hjakobsson@hotmail.com,+46(0)4609720,"Sölvevägen 93",Agunnaryd,19323
arvidsson.marianne@jansson.org,+46731230309,"Rogervägen 6144",Gnosjö,"636 43"
hedvig35@hotmail.com,"+46 (0)97 94 92 29","Lillgatan 8117",Löddeköpinge,"958 11"
gustaf.gustafsson@yahoo.com,022696637,"Fredsstigen 34",Öxeryd,"371 56"
hpettersson@lundqvist.com,+46(0)4067758,"Brunnsliden 2L",Åkarp,15368
bergqvist.ingalena@gmail.com,"+46 (0)430 420 33","Samuelsson Gata 9218",Högsby,"260 87"
lnilsson@lundqvist.info,"+46 (0)7316205","Hamnstigen 86P",Örebro,"205 95"
cakesson@lindqvist.org,"088-70 30 14","Vasavägen 8",Stavsnäs,18737
ujohansson@yahoo.com,"0115-659 68","Paulastigen 9J",Emtunga,"372 96"
claesson.fredrik@yahoo.com,+46(0)2864789,"Sundqvistvägen 42",Laxvik,88983
skarlsson@danielsson.com,+46(0)3446672,"Hellström Backe 809",Forsheda,38439
bergstrom.joachim@hansson.org,095885825,"Stevestigen 52J",Myresjö,"301 78"
laxelsson@magnusson.info,"0302-850 38","Storvägen 48X",Götene,48340
kenny30@hotmail.com,0449689034,"Lundqvist Backe 164",Bromölla,58874
helga36@yahoo.com,"061-67 59 74","Sjöstigen 9",Sommen,34261
hilmer81@pettersson.com,"+46 (0)4175398","Hamnliden 51",Fågelfors,78435
sundstrom.lilian@gmail.com,+46(0)7555359,"Lillstigen 4D",Tuna,88391
konstantin.jonasson@gmail.com,"08-26 54 67","Brunnsliden 7387",Grillby,16784
alida.strom@yahoo.com,"+46 (0)68495077","Sjögränd 990",Edsbro,"139 95"
xfransson@yahoo.com,"+46 (0)33079408","Andreassonvägen 7W","Aröd och Timmervik",89643
ragnar.blom@berglund.net,"+46 (0)491 845 34","Linnégränd 504","Sticklinge udde","282 10"
magnusson.frits@danielsson.biz,"+46 319 430 532","Christinliden 1Q",Öregrund,40527
olavi.martinsson@gmail.com,"+46 (0)8 099 75 08","Storbacken 9O",Stidsvig,"702 70"
pgustafsson@gmail.com,+4627192413,"Hamnstigen 994",Torsång,"237 83"
nystrom.kare@nordin.net,+463145747,"Vasagränd 8230",Lidköping,32792
eek@hansen.com,"+46 (0)6676493","Ringstigen 17Q","Västra Hagen",32964
svensson.dora@falk.biz,"08-601 44 54","Lindqviststigen 3G",Åsen,"594 97"
soren.ivarsson@hotmail.com,+46(0)900494527,"Lillstigen 7Q",Råda,78579
rclaesson@yahoo.com,"+46 (0)692 384 798","Drottninggränd 67C",Gulleråsen,"250 20"
ysvensson@sjogren.info,"08-96 45 20","Brunnsstigen 2599",Arild,79686
pnyberg@yahoo.com,081851108,"Fredsliden 894",Sjöberg,"501 55"
larsake.nordstrom@eriksson.com,"0192-935 41","Anna-Lisavägen 8",Tomelilla,"673 24"
sivert.axelsson@bergqvist.net,"075-880 838","Lindberggränd 748",Gärsnäs,39772
marcus20@yahoo.com,"08-864 58 65","Storgränd 191",Bua,52123
tora75@gmail.com,"075-184 74 35","Linnégränd 1A",Kvissleby,"893 22"
sundqvist.karola@arvidsson.org,"+46 840 522 166","Lillbacken 30",Lunde,41683
siri.dahlberg@hansson.com,"0241-834 00","Storgränd 7",Tenhult,"940 56"
jakobsson.alf@hotmail.com,+469627690,"Lundgrenbacken 6",Håksberg,"582 93"
berndt.nordstrom@hotmail.com,"08-809 223 02","Kungsstigen 42T",Uddeholm,"568 14"
gblomqvist@hotmail.com,"+46 (0)341 318 622","Lillbacken 4L",Bollebygd,32475
ivarsson.carlgustav@lind.org,"08-76 31 21","Sjögränd 17",Drag,46382
soderberg.ingalill@norberg.com,+46(0)4715020,"Drottningvägen 2721",Hofterup,65255
zbergqvist@gmail.com,"08-35 56 31","Fredsstigen 1",Djura,"920 76"
christel.bergqvist@yahoo.com,035360661,"Fredrikssonliden 2J",Mehedeby,86819
gerd13@lundstrom.net,"+46 (0)990 223 73","Linnéliden 83E",Eneryda,90681
ingalill.nystrom@wallin.com,"+46 (0)8 330 16 02","Hansenliden 3Z",Kyrkheddinge,72754
tsamuelsson@sundqvist.biz,"+46 (0)8 932 36 51","Linnégatan 6685",Hemmingsmark,"992 73"
berggren.adam@eliasson.net,"08-789 386 46","Wilhelmvägen 9038",Linghed,36368
olov.aberg@yahoo.com,0160068349,"Fredsgatan 1R",Söderby-Karl,"823 67"
holmberg.mattias@gmail.com,+46(0)661414070,"Dahlbergbacken 5",Långviksmon,44229
olsson.marta@gmail.com,"+46 (0)20823192","Malteliden 10C",Rydal,"563 77"
leila87@gmail.com,0962593748,"Kungsgatan 4862",Perstorp,"970 22"
alexis50@wikstrom.org,"+46 (0)8 993 57 26","Linnégatan 8293",Arjeplog,47785
lhellstrom@ekstrom.com,+4641873764,"Simongränd 4",Kode,76666
bodil.fredriksson@gmail.com,+46856179449,"Ellystigen 4",Strömsbruk,52779
leander38@gmail.com,"+46 (0)8 142 68 23","Kungsstigen 7227",Silverdalen,"896 42"
evelyn40@sandberg.biz,"014-541 68 56","Brunnsgränd 14X",Habo,76280
cholmberg@lind.biz,+46396790021,"Hamngatan 7","Häggeby och Vreta","745 44"
abergman@gustafsson.com,"08-220 81 47","Marie-Louisegatan 78","Upplands Väsby",32155
villy.gunnarsson@olofsson.net,"+46 (0)731 836 93","Ralphstigen 2219",Östervåla,"915 87"
sjogren.majlis@yahoo.com,+46857163549,"Kungsliden 374",Vilshult,"589 46"
anne.lindholm@soderberg.info,+46(0)4459055,"Perstigen 58G",Arnö,76242
gertie.lund@yahoo.com,"+46 (0)241 411 265","Linnéliden 8V",Korpilombolo,27837
nwikstrom@eriksson.com,"042-693 92 05","Joelbacken 5747",Mala,81744
vengstrom@lindgren.com,"+46 (0)8 163 43 64","Linnégränd 429",Väröbacka,65999
tekla85@eklund.com,"+46 (0)7729494","Hedlundliden 39",Vittsjö,"935 16"
tandreasson@gmail.com,"+46 (0)655 283 935","Carolinebacken 8",Kovland,"843 43"
katharina59@gmail.com,"+46 (0)819 779 74","Vasavägen 9I",Flisby,"549 04"
wbjork@nyberg.info,"+46 (0)265 974 35","Fredsvägen 7",Åmmeberg,"961 99"
manne.lundstrom@hakansson.com,044306416,"Brunnsvägen 50K",Rolfstorp,41650
patrick.sjoberg@hotmail.com,"+46 (0)874 480 08","Bergstigen 63R",Åstol,96537
lindberg.syster@sjogren.com,+46143430970,"Lillstigen 4089",Ucklum,"774 49"
nystrom.eugen@nordin.com,0474495678,"Vasagatan 77G",Hyllinge,"825 52"
vberg@yahoo.com,"0913-240 28","Sjöliden 7473",Överum,"647 05"
tisaksson@gmail.com,"+46 (0)89 19 34 27","Vasagränd 66",Tenhult,44043
marielouise74@larsson.com,"+46 404 375 262","Fredsgränd 31",Misterhult,"147 21"
nabrahamsson@aberg.com,0610987627,"Liliangatan 7P",Hult,"399 47"
hilda05@henriksson.com,030500283,"Ringbacken 934",Vassbäck,59323
elsemarie60@gmail.com,"+46 (0)35174918","Marjattaliden 7G",Holmsund,"901 44"
nancy94@hotmail.com,"034-206 54 07","Sjögränd 34Y",Mariefred,88997
janove44@fredriksson.com,"08-795 516 26","Eklundliden 62",Åryd,"212 91"
rhermansson@engstrom.biz,"014-49 84 17","Anderssongränd 37R","Stensund och Krymla",27120
bolsson@blomqvist.com,"08-832 30 04","Lillstigen 10",Persberg,"140 21"
zaxelsson@gmail.com,"+46 (0)90803663","Ringbacken 21",Hovsta,76282
forsberg.nilserik@gmail.com,041650005,"Hamnvägen 7Q",Bjärsjölagård,17579
osjoberg@henriksson.net,"+46 (0)525 088 51","Kungsgränd 65V",Västerhejde,"402 27"
gunn56@gmail.com,"08-143 482 81","Ingegerdgatan 61O",Kil,"890 57"
osvald35@gmail.com,"08-176 786 05","Hamnliden 1",Storvreta,31125
mbengtsson@gmail.com,"08-451 898 77","Viklundliden 9Z",Återvall,"542 01"
paul.norberg@yahoo.com,+46(0)573112661,"Nordin Backe 6",Ödeshög,"296 33"
thure.akesson@yahoo.com,+4668895861,"Drottningstigen 20L",Bengtsheden,61764
vivan.lindqvist@lund.com,+46(0)63265596,"Fredsstigen 817",Mörtnäs,59598
tyko02@berg.info,"+46 (0)696 127 11","Valborggränd 32","Kumla kyrkby","387 49"
charles.falk@yahoo.com,"0573-860 01","Fredsstigen 635",Hagge,"976 25"
vhansen@yahoo.com,+46526542053,"Lundingatan 568",Järna,"549 41"
dbjork@gmail.com,"+46 (0)8 459 14 05","Fredsvägen 4209",Krokom,"729 54"
holmberg.maja@olofsson.com,"+46 (0)5159301","Olsson Backe 179",Klövsjö,69369
inez16@gmail.com,"0713-516 33","Eriksson Gata 65S","Lilla Edet",68236
dsamuelsson@gmail.com,"+46 (0)131 858 83","Ringgatan 68",Solberga,"199 57"
gmattsson@dahlberg.org,+462709808,"Vasagränd 25D",Stjärnhov,69374
ysundberg@lind.info,"+46 (0)749 086 86","Falk Gata 6",Gåvsta,84772
lindberg.matti@bergman.com,0836412750,"Vasastigen 6",Backe,55197
rmartensson@yahoo.com,"083-193 843","Vasagränd 76X",Grimstorp,44382
sisaksson@fredriksson.com,051356417,"Lillvägen 34",Hedekas,"493 00"
oberg.ronald@hotmail.com,+46720001212,"Linnéliden 573",Björsäter,62021
kristina63@yahoo.com,"+46 (0)8 551 88 17","Ringgatan 3313",Mora,"866 57"
soderberg.tea@hermansson.com,"072-977 13 50","Linnéliden 187",Gräfsnäs,41693
nberglund@gmail.com,"080-871 408","Fredsbacken 8L",Slite,"326 06"
holmgren.leon@yahoo.com,"08-98 95 45","Nybergstigen 41B",Solvarbo,"741 75"
marta.bergqvist@yahoo.com,+46554119462,"Brunnsbacken 14",Lammhult,54237
tsjogren@hotmail.com,089932745,"Storliden 765",Rydbo,"249 51"
psvensson@hotmail.com,"08-409 99 29","Jonssongränd 42K",Berg,"804 27"
hlindholm@yahoo.com,"+46 (0)479 824 345","Småvägen 9R",Fengersfors,"477 86"
ingvald.lundgren@gmail.com,010817024,"Brunnsgränd 51P",Blomstermåla,"674 92"
holmberg.eric@henriksson.com,"+46 (0)97942592","Åberg Allé 38",Mjällom,29440
svenolov07@hotmail.com,+46(0)445469901,"Sundqvist Gata 64E",Rolfstorp,"212 45"
birger.claesson@gmail.com,0587254642,"Dahlberg Allé 713",Lyrestad,"681 14"
clary.wikstrom@hotmail.com,"+46 (0)39 86 12 76","Lillgränd 9",Kastlösa,61412
sofie12@pettersson.info,+46(0)9122363,"Storvägen 1",Bärby,"619 68"
klind@norberg.net,"+46 (0)548 532 51","Hamnvägen 5R",Floda,10742
ibergqvist@gmail.com,0744198662,"Nordströmbacken 52",Sangis,52580
vnordstrom@hotmail.com,"013-77 25 66","Linnéliden 5",Runemo,49541
helen.holm@bjorklund.net,"0860-847 79","Hamnliden 27H",Lundsbrunn,99613
david57@yahoo.com,"+46 (0)21383635","Åströmstigen 3Z",Ränneslöv,28690
antonia.bergman@falk.biz,0928990791,"Sundberg Gata 8X",Bräcke,98737
frits32@gmail.com,084318288,"Lillstigen 961",Timmernabben,"406 34"
yjonsson@yahoo.com,"048-95 64 21","Linnéliden 47P",Solsidan,77023
sundqvist.charles@yahoo.com,+46(0)685097989,"Fredsvägen 284",Glommersträsk,"681 18"
aberg.arnold@hotmail.com,"056-163 02 02","Kungsgatan 4Q",Husby,54240
pmartinsson@gmail.com,"+46 (0)37 74 03 12","Karolagatan 5",Rosersberg,78033
alida28@gmail.com,"+46 (0)579 706 064","Lillgatan 8O",Söderala,59624
rhedlund@viklund.org,+46(0)74644076,"Drottningvägen 6H",Kåhög,69671
claesson.mats@ivarsson.com,"+46 143 699 000","Sjöstigen 6T",Vattnäs,"737 09"
ebbe58@hotmail.com,"+46 548 088 821","Ingegärdgränd 31S",Stugun,"181 17"
viktoria06@gmail.com,"+46 (0)8 249 64 66","Lillgränd 9249",Särö,"419 78"
wallin.karlgunnar@sundstrom.info,+468582507,"Gunvägen 3","Fjärås kyrkby","834 56"
lundgren.ragnar@hotmail.com,+46(0)109984616,"Drottningstigen 8044","Röda holme","732 65"
lofgren.solve@nyberg.biz,+46(0)4953506,"Berggrenbacken 6",Hedvigsberg,19948
kberggren@bergqvist.info,+46(0)2576112,"Forsberggatan 56O",Mölle,62038
axelia.oberg@gmail.com,"+46 (0)49437568","Sjöstigen 5577",Ödeshög,"375 78"
jonsson.justus@gmail.com,+46(0)6312901,"Jönssonstigen 3",Gimåt,"660 66"
may.olsson@hedlund.com,"08-130 30 19","Mathildagränd 9290",Hjälmared,"328 04"
maria60@aberg.com,"+46 976 869 892","Hamngränd 7077",Benareby,17498
adolf.nordin@dahlberg.biz,"070-433 24 49","Linnégatan 43A",Vännäsby,47308
larsake.svensson@yahoo.com,"0629-312 01","Sundqvist Backe 1L",Stöcke,"868 69"
hermansson.annalisa@hakansson.com,"045-69 07 79","Madelenevägen 83",Bjärnum,82406
isaksson.ulrika@yahoo.com,"08-62 29 25","Brunnsstigen 78",Hestra,"513 49"
nyberg.lilian@jonsson.com,+46(0)58891156,"Strömberggränd 7143",Jössefors,81141
amanda54@gmail.com,+4628701416,"Malvinagränd 612",Axvall,"713 65"
bergman.elvira@gmail.com,"08-36 39 63","Storgatan 14",Berg,69060
zmagnusson@gmail.com,+46(0)84807266,"Hertaliden 5566",Skultuna,"858 09"
thure83@arvidsson.biz,"055-602 956","Ringgatan 963","Södra Vrams fälad",41423
olsson.clara@gmail.com,"0808-451 96","Vasagränd 281",Fjällbacka,72313
soderberg.mickael@gmail.com,+46(0)9417200,"Jan-Olofvägen 5",Bredviken,74734
valfrid12@sundqvist.com,"025-442 959","Åkessongränd 48",Överum,"981 65"
ulla31@gmail.com,"08-80 39 49","Hamnliden 2998",Vegby,"599 05"
lindstrom.nils@yahoo.com,"+46 (0)742 513 875","Edvardliden 3S",Umeå,27056
wlofgren@eklund.org,0912700936,"Ek Allé 526",Säffle,14500
karlaxel.bengtsson@hotmail.com,"+46 (0)88911191","Lindströmvägen 3264",Linghed,82059
ojakobsson@holmberg.info,051019868,"Brunnsbacken 7278",Ucklum,85570
astrom.inga@yahoo.com,"08-591 25 54","Sjögrenstigen 8",Surahammar,81463
nsundqvist@samuelsson.com,+46(0)25331114,"Jakobsson Backe 2107",Björkvik,"171 55"
znilsson@blom.com,"+46 (0)46 99 43 75","Sundqvistgränd 105",Lagan,"198 89"
renee20@eriksson.com,"+46 (0)7098840","Axelssonbacken 2",Marma,27813
svante99@gmail.com,"+46 300 194 490","Arvidssonbacken 3",Blikstorp,"460 58"
berggren.annastina@hotmail.com,"+46 (0)719 838 87","Konradgatan 504",Kastlösa,"768 78"
justus.aberg@yahoo.com,+46974365592,"Hamnbacken 6",Hästhagen,"745 82"
meklund@axelsson.com,"08-982 153 95","Drottningliden 164",Sibbhult,"390 44"
sandberg.thorbjorn@holmberg.com,"+46 (0)240 501 97","Kungsgränd 7",Björkö,"854 16"
jean.berg@fransson.org,"+46 (0)8 888 81 04","Storstigen 3O",Lerum,"443 15"
bstrom@yahoo.com,"0834-864 38","Vasaliden 3B",Upphärad,"476 31"
lars.fredriksson@oberg.com,"+46 (0)59432592","Eklund Gata 3321","Klippans bruk",34925
bergman.vilhelmina@larsson.com,074374718,"Ringstigen 41A",Flyinge,38451
usandberg@gmail.com,+46566815408,"Linnéliden 3","Vinbergs kyrkby",42151
sigvard.nystrom@gunnarsson.info,"066-945 06 20","Hamnstigen 5",Låssby,73537
mansson.helen@hansson.com,"08-19 58 02","Sjögränd 14Y",Veddige,52882
jholmberg@hermansson.com,0153071457,"Brunnsgatan 4376",Eringsboda,"180 80"
gudmund74@gmail.com,"021-27 55 55","Smågränd 7579",Optand,"762 83"
diana.henriksson@gmail.com,"+46 (0)790 293 585","Linnégränd 4",Mala,48405
magnusson.carljohan@yahoo.com,+469924619,"Manfredgatan 6","Östra Ljungby",87188
soderberg.arvida@hotmail.com,"08-540 495 40","Hamnstigen 63",Ensjön,"583 93"
anni18@sundstrom.info,"08-139 626 30","Linnébacken 6S",Bjästa,"757 30"
antonius97@martensson.com,0798903305,"Micaelbacken 4076",Åhus,87406
pauline53@gmail.com,"08-477 891 13","Abrahamssongränd 78",Timmele,"371 39"
wjonsson@nyberg.info,"08-50 49 09","Arvidsson Gata 54P",Borensberg,"788 88"
edla18@lund.org,"019-10 05 00","Samgatan 30N",Holsljunga,72026
anncharlotte59@isaksson.org,"08-805 847 56","Unogatan 83",Björklinge,71727
hjalmar29@yahoo.com,"+46 (0)8454683","Danielstigen 2118",Väskinde,24274
osjoberg@hedlund.com,0295952549,"Öberg Allé 6R",Bredviken,81848
rebecka46@nordin.com,"020-70 16 43","Kungsbacken 1Y",Klågerup,"607 77"
roger.falk@sandberg.info,"098-484 78 24","Petrusbacken 3X",Åsby,"570 78"
oberg.folke@hotmail.com,078647245,"Wikström Allé 24D",Sjöberg,54824
jonsson.catharina@gmail.com,0153030926,"Strömberg Gata 42",Bäckhammar,47741
alindholm@hotmail.com,"08-354 591 90","Kungsbacken 7",Brastad,"232 35"
karina00@pettersson.org,+466299295,"Kungsvägen 89K",Grycksbo,39306
elias.henriksson@hotmail.com,"0577-023 98","Lillvägen 9548",Grebbestad,"688 29"
eriksson.janne@hotmail.com,+4630640752,"Storgränd 8",Högboda,29436
rhedlund@hotmail.com,"0520-529 99","Storgränd 91",Gunnarstorp,"720 23"
lofgren.sam@gmail.com,+46375515960,"Forsbergbacken 9916",Nykyrka,"956 23"
owe71@persson.com,0815212300,"Fredsvägen 860",Åsele,69466
martensson.petronella@lundgren.com,"0406-139 72","Annicaliden 922",Ängsholmen,"464 16"
nordin.irene@svensson.com,"0391-156 57","Isakssongränd 3960",Ölmanäs,95130
waldemar92@fredriksson.org,"095-92 44 24","Sjöberggatan 1",Uddebo,15733
qbjork@gmail.com,"0438-372 86","Jansson Allé 215",Vänersborg,"430 96"
hansolof.nyberg@yahoo.com,"08-852 599 48","Bergströmvägen 67C",Tulebo,"824 41"
zbengtsson@yahoo.com,"08-449 97 59","Brunnsstigen 64",Ardala,"587 14"
hermansson.konstantia@yahoo.com,0611040146,"Fredsvägen 300",Hjuvik,"406 74"
kholm@gmail.com,"+46 (0)27 00 82 77","Storgatan 54A",Vintrosa,98450
gunbritt01@lind.com,"0151-248 01","Lillliden 970",Linderöd,60411
dahlberg.larsgoran@olofsson.net,+466921126,"Ringgatan 69P",Ystad,86093
sjoberg.sylvia@falk.com,"0877-434 07","Hamnbacken 65",Yttersjö,27455
andersson.helena@lund.com,036016445,"Storvägen 282",Ovanåker,"972 28"
ingegard.nilsson@yahoo.com,+46405249583,"Blomqvist Gata 6",Tallåsen,37708
gpersson@axelsson.com,"+46 (0)2983084","Lillvägen 5",Skeppshult,43378
maxelsson@bergqvist.com,"0687-858 03","Småliden 2972","Skeda udde",34269
dhellstrom@bergstrom.biz,"08-451 337 40","Alfhildbacken 3729",Trulsegården,61966
katrina.nyberg@yahoo.com,"+46 (0)1417268","Storbacken 19",Storuman,"963 28"
victor.lofgren@yahoo.com,"+46 (0)52167592","Blomqvistgränd 30R",Strömma,95909
stig17@strom.net,"0334-125 94","Småvägen 5D",Drag,23895
anny51@hotmail.com,"08-97 73 36","Lillvägen 3J",Mora,48693
andreasson.par@hotmail.com,+46(0)5599879,"Ekströmgatan 74W",Hestra,82169
mattsson.greta@hotmail.com,"08-277 688 68","Vasagränd 49F",Gullspång,"308 84"
sdanielsson@yahoo.com,+4631013859,"Karlsson Allé 3374",Lugnvik,"260 11"
zjonsson@yahoo.com,"08-746 190 39","Bjarnegatan 157",Västerhaninge,23572
xsoderberg@engstrom.org,083162573,"Petronellastigen 986",Ankarsrum,57299
ehermansson@hotmail.com,"036-978 644","Öberg Backe 66",Hästholmen,"845 95"
charlotte93@gmail.com,"08-996 367 83","Smågatan 8243",Ardala,75052
berg.eugen@yahoo.com,+46(0)961052602,"Vasavägen 90",Glumslöv,54415
perolof.pettersson@hotmail.com,"+46 (0)417 759 75","Andreassonliden 662",Åled,"979 40"
lundberg.hans@hotmail.com,"+46 (0)863 081 98","Sjöstigen 7117",Geijersholm,"112 40"
ilindgren@astrom.com,"08-058 595 09","Martinsson Gata 39",Gyttorp,"822 30"
oberg.herman@gmail.com,"028-36 83 27","Fridolfstigen 4565",Hissjön,96028
gully06@pettersson.com,"+46 715 825 380","Hansson Backe 72",Torshälla,"398 07"
nystrom.frida@gmail.com,"+46 (0)14225529","Samuelvägen 531",Stallarholmen,"961 73"
rolf95@hotmail.com,"08-618 035 22","Ingevägen 3",Hultafors,46590
juliana28@arvidsson.com,+46953747634,"Frankliden 87",Mullsjö,"339 95"
tove.sandstrom@lundgren.com,"+46 986 492 665","Olofsson Allé 4",Revingeby,26712
george96@gmail.com,"08-252 699 77","Bergbacken 4S",Ramstalund,93663
mathias.ekstrom@yahoo.com,"08-826 81 98","Lindqvistbacken 4808",Alingsås,13584
helfrid93@nystrom.com,"+46 (0)1527100","Eliassongatan 785",Hindås,78404
zholm@gmail.com,+466858949,"Karl-Gunnarvägen 1",Åmynnet,49852
bforsberg@yahoo.com,"+46 (0)8 875 86 00","Lillgatan 1Y",Tystberga,"613 74"
claesgoran15@norberg.com,"+46 309 882 463","Jonassonvägen 576",Mellerud,13523
rfredriksson@lofgren.net,+46(0)1714283,"Drottningliden 6P",Grimslöv,"733 27"
esjoberg@yahoo.com,"+46 (0)60471932","Perssonliden 8M",Knutby,"565 80"
siv.olsson@ek.biz,"+46 (0)173 847 431","Ringgatan 25U",Klockestrand,58264
clarence71@eriksson.com,0430647503,"Olofssonliden 351",Svängsta,96197
isundberg@strom.com,"+46 (0)6787411","Nancystigen 69G",Gällstad,69175
jlindqvist@hotmail.com,"+46 (0)591 259 79","Ann-Christinvägen 1841",Äng,93054
blomqvist.gustaf@lundin.com,"043-773 99 61","Vasastigen 51",Rossön,"227 24"
norberg.rosemarie@yahoo.com,"+46 (0)574 650 763","Märthaliden 735",Lucksta,"906 84"
albin.martensson@hotmail.com,"035-36 57 27","Lillstigen 3",Söderhamn,51663
lindqvist.estrid@berg.com,+46(0)23478224,"Lillbacken 79",Sköldinge,63633
jansson.hansake@forsberg.com,"08-55 12 66","Helmigatan 3",Storuman,14677
afredriksson@fransson.com,097531645,"Sjövägen 6876","Ormanäs och Stanstorp","284 87"
sara.nordin@hellstrom.com,0721813279,"Jonsson Väg 1",Venjan,"475 17"
lundqvist.olavi@yahoo.com,+46(0)477225126,"Henrikssongränd 1647",Täfteå,86262
jpersson@hotmail.com,"039-99 19 64","Kungsbacken 39W",Figeholm,"360 73"
gustava68@blomqvist.info,+46(0)8710199,"Eklund Väg 2V",Bergshamra,57202
enar77@ivarsson.info,"08-375 57 51","Åkesson Väg 467",Björboholm,"193 99"
sundberg.karlgustav@karlsson.net,078867813,"Kungsbacken 84Z",Vartofta,"540 20"
mansson.jane@lindqvist.com,0670019073,"Gunnarsson Allé 16",Ystad,"447 81"
svensson.josef@hotmail.com,+466782794,"Andreasson Väg 1",Rolfs,23693
abrahamsson.ullabritta@eriksson.com,"+46 516 653 267","Anettestigen 251",Trollhättan,45489
svenolov.lofgren@holm.com,"+46 (0)251 567 961","Evegränd 9",Skrea,"925 63"
slofgren@gmail.com,"08-51 80 58","Holmbergvägen 9",Norrö,71939
jakobsson.tina@sundberg.com,+463734398,"Månssongatan 26",Skreanäs,"901 28"
mimmi.karlsson@lindstrom.com,"053-54 19 53","Sjögatan 1045",Hässleholm,14788
brittinger63@pettersson.com,"0944-503 77","Pålssonstigen 92",Rosvik,"770 49"
sjogren.susann@blomqvist.com,"+46 266 300 942","Sjögränd 609",Lerkil,"837 35"
clindgren@pettersson.com,+46330688806,"Svanteliden 6221",Hamburgsund,"584 30"
wholmgren@johansson.biz,"082-589 96 95","Karolinabacken 8",Lima,"105 95"
lilly94@hotmail.com,"+46 (0)39615430","Vasagatan 459",Skultorp,"320 89"
sjakobsson@gmail.com,"015-739 930","Danielssongränd 876",Olofstorp,"579 07"
gunbritt.nystrom@lundin.com,"096-406 32 27","Hanssongatan 6G",Karlsborg,61065
magnusson.evalena@gmail.com,+46698680623,"Småvägen 3782",Ersmark,65656
urban51@gmail.com,"+46 (0)78784231","Vasabacken 5T",Olsfors,"117 18"
ylundin@magnusson.com,"+46 (0)8 720 31 19","Brunnsgatan 7F",Ödsmål,73821
marina.abrahamsson@lundberg.com,"073-984 52 19","Hermansson Backe 237",Veinge,49345
deriksson@larsson.com,"+46 (0)94 31 75 10","Lillbacken 8",Töcksfors,71942
zlindstrom@gmail.com,"092-855 244","Norbergliden 97T",Sundborn,24311
tyra00@blom.com,+462727872,"Brunnsstigen 8835",Vartofta,"335 84"
jansson.frans@gmail.com,"08-74 19 13","Anderssonvägen 68","Östra Frölunda",47219
fransson.ronny@andersson.com,+46(0)1412172,"Hedlund Allé 1Q",Antnäs,"415 94"
pettersson.fritz@hotmail.com,+46(0)73193850,"Ringstigen 4L",Tomelilla,18696
christel43@hotmail.com,"+46 (0)7061995","Sjövägen 51",Hortlax,"951 04"
petra12@yahoo.com,"+46 (0)670 560 90","Smågränd 7",Länghem,48193
gosta.lindstrom@gmail.com,096333656,"Smågränd 6N",Lottefors,72267
krister33@yahoo.com,"098-324 56 91","Hermanssonliden 761",Harmånger,"450 73"
lundin.gisela@olsson.com,"091-581 77 89","Ros-Marigatan 2","Östorp och Ådran","812 96"
xsandberg@lindberg.com,+46(0)147610134,"Sundström Väg 61A",Ekenässjön,41881
valfrid.norberg@holm.org,+4617466957,"Brunnsliden 9",Frändefors,"572 59"
jon.persson@astrom.net,034824557,"Danielsson Väg 6",Ringsegård,16409
andersson.vanja@yahoo.com,"08-48 14 15","Nyberg Allé 1665",Näsum,13496
annalisa.mansson@jakobsson.com,+4648756362,"Kungsliden 81",Klintehamn,35457
qlindgren@yahoo.com,"+46 (0)5680860","Sjöbacken 3",Mullhyttan,86970
rickard.lofgren@hotmail.com,016593606,"Juditgränd 6",Vemdalen,72214
bjorklund.klas@lindstrom.net,"08-212 79 04","Drottningvägen 12A",Vollsjö,88269
danielsson.juhani@hansson.biz,"+46 (0)828 132 894","Hamngränd 2",Örtofta,"403 90"
ghellstrom@stromberg.com,"099-704 717","Catharinabacken 42V",Järpås,"192 16"
tage.lundqvist@sundstrom.biz,0279190289,"Storvägen 1",Väjern,"116 19"
leila.dahlberg@gmail.com,+46629219722,"Constancevägen 2",Klässbol,"620 43"
markus.hedlund@holmberg.net,"+46 (0)8 677 09 96","Storvägen 91T",Persberg,42317
yhermansson@hotmail.com,"08-21 98 14","Jonssonliden 5V",Velanda,"220 31"
asandstrom@karlsson.com,"08-42 44 27","Stiggränd 9Q",Åsa,94587
ywikstrom@nyberg.net,"0449-607 28","Lillgatan 18W",Skogstorp,47132
mathilda.astrom@gmail.com,"+46 (0)504 456 12","Lundgren Väg 5R",Sjösa,57362
linnea62@sundstrom.info,"+46 204 318 884","Daisyvägen 80E",Dalarö,46677
beda.holmberg@bergstrom.com,"045-83 65 92","Fredsliden 1",Tanumshede,"138 69"
jjonsson@bergstrom.com,"041-501 68 02","Gundavägen 1F",Bensbyn,"495 43"
forsberg.gully@sundstrom.com,+4643916136,"Napoleonbacken 69",Sätila,"506 24"
mhermansson@jonsson.com,"08-939 26 68","Pålsson Allé 90",Ekeby,19997
bpalsson@yahoo.com,"+46 (0)746 412 92","Ringstigen 2Y",Nykvarn,"814 74"
lekstrom@bergman.org,"+46 270 124 537","Sjöbergbacken 378",Vittangi,"521 99"
bjork.arvid@isaksson.com,"+46 (0)8 585 21 29","Fredsgatan 95",Arvika,"770 76"
hviklund@martensson.com,+46(0)14604102,"Håkanssongränd 1",Stenstorp,"643 63"
kforsberg@yahoo.com,"+46 251 248 561","Fredsliden 44","Norra Bro",94193
djansson@hermansson.net,"0988-326 97","Margaretliden 6662",Falkenberg,83199
gillis85@hermansson.com,"+46 (0)7953408","Lundqvist Allé 5",Bjursås,"864 07"
eisaksson@lindqvist.com,"+46 (0)6236240","Sjögatan 6",Vårsta,14326
tora63@jonasson.com,"08-523 652 50","Hamnliden 2600",Sjösa,"132 17"
lindholm.hadar@soderberg.info,+46(0)9122500,"Brunnsbacken 8",Svensbyn,44085
nordin.viviann@hotmail.com,067093199,"Gunnarssonliden 536",Lillhaga,76176
vincent.sundberg@gmail.com,"08-51 34 05","Heinrichgränd 1",Trollhättan,52271
hansson.elsy@yahoo.com,"08-509 414 64","Fredsstigen 84K",Norrtälje,"296 55"
ester81@yahoo.com,"086-57 92 78","Viklundgränd 81N",Kinnarumma,30718
annie14@nyberg.org,+465379164,"Hermanssongränd 3242",Emtunga,"631 60"
ypettersson@hotmail.com,093541759,"Almagränd 7",Tjautjas/Cavccas,"563 43"
gustava46@nordstrom.biz,082605140,"Ingegerdgatan 48",Indal,"160 53"
kennert16@yahoo.com,"+46 (0)744 803 79","Fredrikssongränd 4595",Lysvik,30288
jonasson.bernhardina@yahoo.com,+467122884,"Sjöstigen 9344",Kvänum,"594 82"
franz71@oberg.com,+46(0)61202983,"Axelsson Gata 6W",Kalvsund,"206 49"
pjansson@gmail.com,"+46 (0)136 227 30","Drottninggatan 83",Karlsvik,"797 75"
norberg.dennis@gmail.com,+4654545627,"Fredsgatan 8927",Lycksele,34517
thure.holmgren@henriksson.com,"+46 (0)8 505 76 63","Hermanssongränd 443",Hjältevad,27188
pbergstrom@bjork.net,"064-041 65 68","Brunnsvägen 93V",Rusksele,42669
berggren.gabriel@hakansson.info,"08-336 338 81","Hamngränd 9I",Hammar,"821 49"
esbjorn.falk@soderberg.org,"08-073 036 69","Violagränd 3039",Gamleby,78166
wallin.thord@gmail.com,"044-255 66 93","Strömbergliden 9",Norrlandet,"633 79"
wfalk@falk.com,"08-869 46 35","Jönsson Backe 4X",Vaxholm,51656
oberg.gullan@fredriksson.com,"+46 (0)8 267 99 80","Magnussonvägen 93",Västerljung,80910
jhakansson@bergqvist.biz,0216731542,"Carl-Gustafliden 3513",Kvissleby,70596
martinsson.edit@yahoo.com,"08-247 64 43","Löfgrenstigen 266",Tunadal,47259
ingmari09@hotmail.com,"+46 (0)438 627 44","Gunnarsson Gata 15N",Sjövik,"639 12"
eric.sundberg@gmail.com,"08-44 92 68","Isakssonbacken 63Q",Gusselby,24657
bruno.jansson@gmail.com,"08-151 68 99","Åkessonbacken 87C",Bredaryd,40443
forsberg.kristin@gmail.com,+46914744376,"Desideriastigen 79",Horred,"592 19"
joakim02@gmail.com,+46637787285,"Brunnsgränd 2W",Arkelstorp,16345
perolov.holm@hotmail.com,"+46 469 539 112","Linnébacken 1M",Billdal,"641 41"
gully75@bergman.net,"0685-065 58","Strömliden 1106",Dingle,"602 98"
wlofgren@eliasson.org,"+46 (0)8 768 90 14","Bergström Gata 5999",Jokkmokk,"109 68"
osten84@akesson.com,"08-425 890 16","Fredsgatan 5E",Kolbäck,"608 70"
carlaxel28@hermansson.org,"081-15 91 19","Solvigstigen 7B",Sonstorp,99805
jakobsson.ida@yahoo.com,"019-151 406","Liliangatan 5",Rimforsa,51262
martina64@yahoo.com,"055-952 348","Stanleyliden 5088",Malmö,93669
danielsson.synnove@yahoo.com,"+46 (0)416 711 434","Märtagatan 1W",Sörforsa,"704 75"
karlsson.osten@hotmail.com,074771766,"Vasaliden 86F",Gudhem,79837
holm.peder@hotmail.com,+468641410,"Olssonbacken 1O",Habo,82335
rut.larsson@yahoo.com,"08-94 56 96","Hamngatan 31","Västra Ingelstad",31903
hubert.larsson@gmail.com,082969855,"Sylviagatan 2076",Rydaholm,"842 24"
madelene.pettersson@lindqvist.biz,+4642174211,"Kungsgatan 2365","Norra Åsum","732 06"
jekstrom@yahoo.com,+46(0)5022607,"Kungsliden 786",Torup,"661 06"
torbjorn.claesson@yahoo.com,"+46 (0)127 882 96","Småbacken 808",Söderala,"988 59"
ullabritta54@lundstrom.com,"+46 (0)189 810 98","Ringliden 8169",Munga,"584 19"
vilgot15@lindstrom.com,"08-219 09 02","Hedlund Allé 3G",Lotorp,"350 33"
joachim.lundgren@axelsson.com,"+46 (0)65 65 17 59","Drottningliden 241",Hällekis,"770 90"
samuelsson.anna@forsberg.biz,"0697-997 58","Ringgränd 28L",Lund,92051
harriet.bjorklund@hotmail.com,"+46 (0)29 89 62 49","Jongatan 76",Hova,30717
birger.sjogren@bjork.net,"08-50 42 97","Persson Backe 70E",Strålsnäs,"416 42"
gertrud.johansson@andreasson.net,"054-701 064","Gunnarssonstigen 922",Färnäs,"983 12"
eriksson.iris@nilsson.com,"08-955 668 89","Jarlvägen 4",Hofors,"273 23"
jhakansson@engstrom.org,"029-20 00 04","Gudmundgränd 6G",Torestorp,"900 26"
jakobsson.eugen@lindholm.com,"+46 (0)513 694 20","Gunnarssonliden 13F",Smålandsstenar,"644 14"
astrom.beatrice@hotmail.com,"+46 253 634 158","Vasastigen 7X",Hjo,"118 28"
wikstrom.lola@claesson.net,"+46 (0)7481029","Sjöstigen 68",Sollerön,"324 95"
rosa.aberg@lindqvist.com,+466528665,"Brunnsvägen 7815",Skillinge,95514
evabritt37@gmail.com,+46(0)16169299,"Smågatan 26",Gantofta,81087
dlindberg@hotmail.com,047540817,"Lillgränd 6T",Åsbro,91020
malvina.lund@gustafsson.org,+462678390,"Fredsgatan 35",Hjälmared,"548 75"
karl.sundberg@hotmail.com,"028-848 730","Lars-Åkebacken 55",Rockhammar,"197 59"
alfons.magnusson@jonsson.com,+46(0)23754415,"Vasaliden 8496",Svartvik,"508 25"
larsake66@yahoo.com,"08-349 05 98","Mauritzgränd 859",Höllviken,19107
charlotta73@fransson.org,"+46 (0)214 500 04","Blom Allé 75",Sjörröd,"693 78"
xbergman@gmail.com,+4658728754,"Johannabacken 8718",Bygdeå,42752
nolsson@gmail.com,+46(0)6162726,"Sjöbacken 186",Skillingaryd,36460
algot18@berggren.net,"+46 117 054 520","Magnusson Allé 5G",Falun,"814 07"
anni46@gmail.com,+46734501146,"Lundinliden 9N",Jämjö,35211
kaarina92@bergman.com,"+46 578 191 224","Anne-Mariegränd 608",Järpen,"654 16"
aurora15@yahoo.com,"040-00 80 48","Drottninggatan 9L",Svartå,71356
lindqvist.viktoria@lund.com,+46(0)9381840,"Abrahambacken 8",Höganäs,"431 18"
bergman.toivo@bjork.net,"+46 (0)45599948","Storstigen 5",Rydöbruk,"652 40"
ottilia28@eliasson.com,"+46 505 067 180","Lundqvist Backe 6",Holmsund,"270 10"
samuelsson.gabriella@gmail.com,"+46 913 992 375","Fredsgatan 4907",Svarte,"282 81"
ellert77@yahoo.com,+46388369656,"Håkansson Backe 1941",Bälgviken,47126
aina.lofgren@astrom.com,"+46 (0)395 433 377","Sjöbacken 846",Rörö,"633 74"
edmund.ekstrom@gmail.com,"+46 (0)5645224","Ringgränd 38",Nordanö,75215
stig.soderberg@gmail.com,+46(0)50537206,"Åkesson Väg 517",Hemse,"622 09"
louis.jansson@fransson.com,+4687152213,"Thordgatan 8A",Olstorp,"140 65"
vendela.claesson@bergstrom.biz,"+46 674 819 729","Brunnsvägen 881",Geijersholm,"446 76"
inger84@hotmail.com,"+46 (0)648 375 265","Sjögatan 1149",Jörlanda,"897 71"
nicklas.ivarsson@holmgren.info,+46(0)1808371,"Söderbergliden 47N",Vintrie,82027
zgustafsson@yahoo.com,+46(0)98250380,"Gustafssonbacken 24Q",Kungsgården,72496
ek.kenneth@gmail.com,0181738577,"Arongatan 5",Loftahammar,"909 93"
marion01@sjogren.com,"+46 (0)963 992 098","Lundqvist Gata 931",Vena,"416 94"
wjakobsson@gmail.com,+46(0)67407884,"Gustafssongränd 75W",Torsby,"629 53"
claes15@gustafsson.biz,"056-920 762","Ringbacken 6",Tärnsjö,89609
halvar.svensson@yahoo.com,"+46 (0)27668490","Wikströmvägen 40",Degerhamn,63191
yholmgren@isaksson.net,+46289575469,"Drottninggatan 65O",Hökerum,"696 02"
nilsson.manne@eliasson.com,"08-250 583 12","Lindberggatan 3762",Gimo,"364 94"
mans.sjoberg@gmail.com,"+46 (0)38 44 83 46","Hilbertbacken 7H",Skånes-Fagerhult,"819 29"
gabriella.sundqvist@lundin.net,"+46 (0)54147807","Håkanssonstigen 11",Björsäter,68998
bernt17@gmail.com,"0927-689 48","Vasabacken 97L",Klevshult,"556 43"
elma.martinsson@hotmail.com,"08-740 71 27","Brunnsliden 4O",Långås,75858
cstromberg@yahoo.com,"071-03 89 19","Connyliden 3741",Alby,"485 26"
uhenriksson@hotmail.com,"+46 (0)56 89 95 07","Svenssonbacken 58X",Stockamöllan,74324
qeliasson@andersson.org,"+46 (0)7412967","Theresiavägen 349",Robertsfors,45183
kblomqvist@nordstrom.com,0723901857,"Brunnsbacken 9",Idre,74178
eivor.lind@lundqvist.com,+46(0)422035565,"Bergman Gata 4737",Duved,"133 88"
astrom.fabian@ivarsson.biz,+46(0)4424274,"Joacimstigen 3947",Kaxholmen,"861 96"
ivarsson.halvard@hotmail.com,"+46 (0)524 744 53","Storgränd 2",Åre,18235
enilsson@lindstrom.com,+46(0)44845787,"Abrahamsson Backe 2",Bestorp,67693
solveig.jansson@gmail.com,"0910-049 55","Brunnsgatan 8932",Brunn,33265
klas.lundberg@hellstrom.com,+462409378,"Viklundvägen 56",Näsviken,"638 38"
ustromberg@hotmail.com,"065-49 67 42","Forsberg Backe 7690",Fårösund,78222
thorbjorn70@jakobsson.com,+46(0)64764891,"Sjöliden 2",Hovid,"803 88"
wmansson@hotmail.com,"055-433 22 83","Ek Gata 9",Ucklum,11477
kristian.fransson@lindqvist.com,+46272259888,"Ringgränd 1188",Östavall,"837 11"
lundgren.stina@holmgren.com,+466371772,"Rutgränd 349",Mariannelund,10282
lisa55@yahoo.com,"046-60 53 10","Linnévägen 55I",Långås,"937 95"
tea.andreasson@oberg.info,"+46 (0)8 554 43 92","Jakobssonstigen 8479",Näsviken,"777 23"
rhedlund@yahoo.com,"045-82 32 29","Norberg Allé 4P",Ekeby,64217
edahlberg@hotmail.com,+4616338199,"Josefinaliden 3I",Kumla,33632
ysandberg@akesson.info,"08-758 89 00","Lundingränd 8O",Bälinge,53847
edith.holmberg@hotmail.com,+4677576542,"Vasavägen 202",Furulund,73845
thomas.jonsson@berglund.biz,065341729,"Runogatan 189",Hjorted,"926 05"
bisaksson@olsson.com,+46(0)507407674,"Småliden 7106",Ljungsarp,77777
madelene.abrahamsson@yahoo.com,"0499-316 16","Bergliden 230",Glemmingebro,76284
hakan.stromberg@yahoo.com,+4613790886,"Abrahamssonliden 4879",Västerby,"407 93"
lpersson@hotmail.com,"038-71 99 22","Emmavägen 4O",Jättendal,11203
tommy67@gmail.com,"+46 (0)914 641 32","Sjöliden 768",Jäderfors,"905 50"
george.lundin@ek.com,"0288-077 01","Isaksson Backe 751",Hultsfred,74046
blindberg@yahoo.com,"08-60 85 33","Lillbacken 755",Klagstorp,"942 13"
margot.martensson@gmail.com,"+46 (0)344 708 48","Ringvägen 6703","Norra Åsum","431 75"
james05@gustafsson.net,+46(0)556513632,"Albinbacken 4",Svanesund,"219 46"
james.norberg@yahoo.com,084426769,"Hedlundvägen 3",Ovesholm,"169 65"
ojansson@wikstrom.biz,+46(0)47480496,"Ringstigen 23",Ankarsvik,"641 63"
charlotte22@yahoo.com,"08-598 214 09","Lennartliden 4",Skillinge,"182 73"
fred77@gmail.com,+46(0)469923784,"Sjöstigen 7",Reftele,"404 85"
leontina.lind@berglund.net,"+46 (0)705 858 07","Rutliden 6144",Kjulaås,"146 78"
zlundgren@mansson.net,"066-71 97 48","Löfgrengatan 968",Långvik,"201 90"
glind@fredriksson.net,+46(0)6213491,"Anna-Carinstigen 9Y",Hammar,34834
karlgustaf62@hotmail.com,"+46 (0)201 075 537","Andreassonstigen 93",Glommen,37192
qlindstrom@sandberg.info,0565411717,"Fredsbacken 2F",Buerås,"762 90"
hansen.yngve@yahoo.com,"+46 (0)3108647","Lillstigen 229",Äppelbo,"493 83"
eve70@gmail.com,084801388,"Hamngatan 8620",Hedenäset,"528 68"
goran.johansson@hermansson.net,"08-47 22 47","Götevägen 58U","Västra Karaby",69913
lundqvist.carolina@yahoo.com,075673314,"Ringbacken 261",Vittangi,"272 14"
lund.alice@yahoo.com,"0623-449 22","Vivekabacken 1372",Kyrkhult,"199 25"
dennis.lundqvist@eklund.biz,"08-89 23 69","Evelinagränd 180",Sangis,33242
fredriksson.marcus@hakansson.com,"+46 (0)3017287","Vasavägen 385",Fagersanna,60068
percy.sandberg@lindgren.org,+4681833893,"Ivarssongränd 9757",Bäckebo,"146 50"
axel.hansen@lundqvist.net,"+46 724 484 284","Lillgränd 2996","Nedre Gärdsjö",15624
hardy03@hotmail.com,"0457-997 01","Kungsvägen 4403",Raksta,73654
lund.hadar@gmail.com,"023-80 70 62","Kungsbacken 2G",Hammenhög,"628 00"
dsundberg@yahoo.com,+46(0)51071340,"Liisaliden 8",Lindesberg,"949 17"
holmfrid.hakansson@nystrom.com,"+46 (0)19 37 87 06","Lillbacken 1705",Rånnaväg,21207
sture.gustafsson@yahoo.com,"08-098 792 51","Kungsstigen 2119",Åstol,"865 47"
soderberg.eufemia@gmail.com,"070-448 976","Ebbegatan 9",Ronnebyhamn,55816
umagnusson@engstrom.com,"+46 (0)47 59 78 54","Sjöbacken 65L",Vagnhärad,"584 38"
kclaesson@gmail.com,"0808-225 90","Gärdgatan 81",Ängsholmen,"829 16"
tommy.blom@gmail.com,"+46 662 965 678","Drottningbacken 7",Björke,"996 82"
alfrida.danielsson@gmail.com,"+46 (0)98 09 79 16","Småvägen 65J",Gällivare,78015
mauritz93@hansen.net,+46107254657,"Anna-Gretagränd 107",Västerfärnebo,"660 85"
magnusson.viviann@yahoo.com,+46615382580,"Smågränd 6181",Mölnbo,"228 67"
mariette.bengtsson@sjogren.com,+46235985604,"Jansson Gata 563",Grimstorp,96657
gfalk@claesson.com,+46417479784,"Majabacken 8",Malmbäck,25112
crister36@norberg.info,+4621961256,"Lindgren Backe 6Z",Gagnef,"259 87"
asa.svensson@hotmail.com,"08-055 22 26","Stanleygränd 6W",Koskullskulle,89182
nordstrom.charlotta@sjoberg.com,+464722775,"Linnégränd 22A",Berghem,"662 90"
alfrida.bengtsson@yahoo.com,"+46 (0)47 79 55 05","Sundström Backe 4",Trosa,"316 42"
elise50@yahoo.com,+462813068,"Hellströmgatan 1414",Gimo,"189 67"
jonasson.ethel@gmail.com,+46(0)39624642,"Falk Backe 4235",Ödsmål,"868 61"
valdemar.lindberg@hotmail.com,+4635401027,"Eklundstigen 7537",Österslöv,15413
kgunnarsson@jakobsson.org,"08-961 232 72","Carolastigen 55O",Västerby,99143
henriksson.olivia@gmail.com,"08-109 147 33","Lillbacken 29",Skottsund,"683 88"
ngunnarsson@wikstrom.net,+46(0)76332709,"Linnévägen 5","Stensund och Krymla","925 53"
ivar69@hotmail.com,"+46 (0)899 778 76","Lundinstigen 58",Färila,44721
eklund.charlotta@isaksson.com,"08-85 85 73","Hamnstigen 14",Jämtön,"647 64"
eriksson.fridolf@gunnarsson.org,"+46 (0)93 72 05 27","Valterliden 90",Rosvik,"648 06"
gustafsson.eve@berglund.net,+461926315,"Småvägen 75","Fjärås kyrkby","705 91"
renee93@lindgren.com,"+46 (0)2633865","Gustavagatan 2E","Södra Sandby","393 43"
boris68@lindqvist.com,+4635107364,"Sjögränd 4",Strömsnäsbruk,"267 84"
lmartinsson@lundgren.com,066778314,"Åbergstigen 7009",Rödeby,"607 41"
yakesson@gmail.com,"027-311 994","Per-Olovliden 23","Östra Frölunda",26983
vallentin04@hotmail.com,"053-016 46 52","Fredsbacken 3V",Marmorbyn,71049
lennart43@lindberg.com,"043-329 626","Vasabacken 6969",Götene,49885
xclaesson@gmail.com,"042-372 11 97","Hamnbacken 53",Morgongåva,"934 11"
lsamuelsson@pettersson.com,+46(0)629565640,"Sunegränd 8J",Annelund,20815
edvard00@soderberg.biz,+46(0)446320551,"Susannestigen 251",Tingsryd,44341
solveig72@yahoo.com,"08-74 01 57","Kungsliden 8173",Härslöv,"503 18"
patrik12@hotmail.com,"+46 (0)60 17 27 64","Berggren Allé 18",Ekeby,25496
vdanielsson@gmail.com,095673754,"Felixliden 29",Berga,"441 69"
gunborg75@sjoberg.org,060140235,"Sjögatan 3866",Hasslö,"843 56"
kenth32@hotmail.com,"+46 (0)899 563 771","Kungsvägen 1G",Österslöv,85688
algot.engstrom@gmail.com,"08-302 042 77","Ekströmvägen 6",Vimmerby,"353 11"
ffalk@magnusson.org,+46(0)75108473,"Lindholmstigen 4","Östra Ljungby",93141
vsamuelsson@gmail.com,+46(0)86073219,"Erikssonvägen 5",Ljusne,32109
wek@gmail.com,"+46 (0)5078567","Anna-Karinvägen 9U",Hindås,32165
bergqvist.johanna@gmail.com,"+46 705 570 696","Storgränd 203",Munga,"257 16"
asa04@gmail.com,"+46 902 578 755","Bergstigen 271",Billdal,"473 66"
sekstrom@yahoo.com,"+46 (0)94778620","Bergströmbacken 50O",Tångaberg,35767
gbergman@sjogren.org,050037055,"Percyliden 89Y",Hamrångefjärden,"617 83"
eriksson.brittmari@hotmail.com,"+46 (0)76154889","Drottningvägen 79B","Västra Husby","849 14"
stromberg.majken@hotmail.com,"08-753 93 05","Storvägen 14A",Gängletorp,"592 96"
ewa.lundqvist@engstrom.info,"057-724 943","Storbacken 97",Eggby,64511
dnystrom@hedlund.info,"+46 (0)6992969","Elmavägen 50",Holmsund,74013
hermansson.elise@hotmail.com,"+46 (0)18901223","Hellströmvägen 924",Smedby,71475
mats66@axelsson.info,"08-39 13 93","Martinssongränd 73V",Slöinge,67020
qholmqvist@gmail.com,0939847465,"Henriksson Allé 1",Sjömarken,"464 04"
marita.holmgren@nordstrom.biz,"+46 106 446 968","Ringbacken 22",Österstad,22828
habrahamsson@hotmail.com,+46226966101,"Falkvägen 84J",Tågarp,59818
stefan82@gmail.com,"+46 (0)36859886","Falk Gata 2",Glumslöv,50113
else21@yahoo.com,"08-216 60 86","Lundberg Backe 10",Sövestad,45436
annacarin68@gmail.com,"+46 492 370 179","Eklundstigen 91F",Brännland,34684
alexander.berggren@yahoo.com,+46878127169,"Martabacken 6",Sundbyholm,74316
bergman.konrad@stromberg.com,+46(0)5737578,"Sjöbergliden 5895",Påläng,"368 56"
hfredriksson@dahlberg.com,"094-169 22 62","Lindqvistgatan 43H",Backaryd,28854
raymond62@gunnarsson.com,055068829,"Hamnstigen 7469",Orsa,"719 29"
elias.abrahamsson@berg.com,+464374638,"Sjövägen 452",Lugnås,25378
charlotta.magnusson@yahoo.com,+46(0)591208802,"Bergströmgränd 68Z",Lund,81782
clindgren@lindstrom.com,"+46 (0)24008165","Sjögatan 64Q",Bjuv,"618 66"
tage.lundgren@gmail.com,"+46 249 238 529","Jönsliden 4O",Alingsås,"308 71"
ulrica17@gmail.com,"+46 (0)78263154","Lillstigen 299","Österhagen och Bergliden",62212
strom.alida@yahoo.com,"+46 (0)53656714","Pålssonbacken 12",Mörarp,"197 72"
ksoderberg@lofgren.com,"+46 (0)67463964","Marionstigen 73",Malmbäck,48477
viklund.kaj@lundqvist.com,"08-43 86 94","Drottningbacken 1",Kåge,"358 97"
hans.berglund@hotmail.com,+46(0)87178002,"Lillstigen 438",Strövelstorp,67954
holmqvist.ingmari@gmail.com,"085-06 21 70","Holmgatan 68R",Torsby,"894 97"
clindgren@yahoo.com,"027-105 214","Augustgatan 2E",Mellbystrand,"782 97"
nlindberg@eriksson.com,"08-934 474 85","Virginiagränd 38S",Velanda,"769 99"
asta.jansson@gmail.com,"061-005 55 62","Clarencegatan 424",Örsjö,99579
cpalsson@yahoo.com,"+46 (0)763 874 55","Drottninggatan 909",Sköllersta,22250
claesson.ulla@bergman.com,"+46 (0)8 593 09 48","Håkanssongatan 721",Fågelsta,"193 83"
holm.anni@hotmail.com,"+46 (0)3223436","Adelagränd 4",Olstorp,44247
lindholm.paula@jakobsson.biz,+4696191239,"Hamnstigen 9","Vansö kyrkby","499 52"
tina60@yahoo.com,"08-795 176 66","Brunnsgränd 63E",Kårsta,"828 64"
holmgren.micael@bergman.biz,"086-635 58 56","Lindholm Väg 78B",Lörby,92137
ella66@gmail.com,"08-168 349 66","Sundströmstigen 3J",Åtvidaberg,67117
fredrik.jonsson@hansson.com,"+46 (0)43512033","Löfgrenstigen 810",Askeby,97704
knilsson@hellstrom.com,"+46 (0)293 876 30","Liisagatan 2",Sala,"343 38"
vhenriksson@yahoo.com,082100951,"Vasabacken 80",Ljung,"717 90"
ingela.arvidsson@gmail.com,044686220,"Storgränd 573",Vara,59189
helen75@gmail.com,"08-23 69 71","Jonssonbacken 3700",Skärplinge,"654 54"
lundin.carljohan@pettersson.com,"082-49 52 48","Storvägen 658",Alvik,46324
lindstrom.jacob@yahoo.com,"+46 (0)46 62 91 31","Wikströmgränd 6169",Örbyhus,"254 69"
qjohansson@svensson.com,"08-845 42 66","Andreasstigen 86",Hovsta,47093
monica.eliasson@sundstrom.com,"+46 (0)996 668 586","Berglundliden 9M",Nås,"669 87"
zpalsson@yahoo.com,"041-075 308","Holmberg Gata 767",Ramsberg,45340
lund.alida@hotmail.com,"0429-665 64","Maltegränd 39",Munkedal,96151
martinsson.mariana@hotmail.com,"053-998 68 21","Samuelssonbacken 856",Tystberga,97798
alf.arvidsson@lundstrom.biz,"+46 (0)748 086 66","Storbacken 7R",Krokom,93048
irene.sandberg@lindholm.com,"+46 107 188 841","Signestigen 3Z",Ånge,85168
ek.charlott@blom.com,+4613111049,"Sjövägen 6",Grytgöl,15604
carlaxel.blom@gmail.com,"+46 (0)8 126 48 05","Storvägen 7",Skoghall,12482
nstromberg@holm.com,027100962,"Sjögrenbacken 716",Bor,"338 03"
liselotte.jansson@yahoo.com,"037-99 21 30","Berggrenbacken 9943",Kallax,37966
astrid79@gmail.com,"+46 (0)6587907","Drottninggatan 29",Åsby,71240
sabina.lindholm@gmail.com,"+46 (0)8 451 40 40","Linnégatan 5","Djulö kvarn","292 85"
claesson.runar@lundstrom.com,+4673752222,"Kristoffergränd 58K",Silverdalen,"793 31"
olle.jakobsson@akesson.org,+46555429640,"Ringliden 72X",Storfors,71842
elfrida.mattsson@hotmail.com,"+46 (0)5650685","Småstigen 50",Visby,"231 02"
bill61@yahoo.com,"+46 (0)42594151","Daisygränd 4018",Vidja,"262 13"
wholmberg@nilsson.com,"08-31 64 47","Lillstigen 3","Torshälla huvud","114 08"
olsson.inge@gmail.com,"+46 (0)9196504","Lundqvist Backe 67",Brunflo,"953 42"
lambert.stromberg@yahoo.com,+46844099664,"Sjöstigen 8Y",Ramsberg,68600
jessica32@gmail.com,+46606063599,"Brunnsstigen 48H",Linderöd,97966
ablomqvist@yahoo.com,+4687731166,"Nordin Allé 1",Solberga,29278
naemi.andersson@johansson.org,"+46 (0)459 850 06","Brunnsvägen 8",Kungälv,99019
malkolm.gustafsson@sandstrom.com,"08-65 89 83","Smågatan 32K",Lunde,43831
beata.bergman@sandberg.com,+46480865798,"Rosabacken 4B",Fränsta,53407
larsolof16@holmgren.com,"015-44 14 72","Hellström Gata 8602","Klippans bruk",92635
qek@yahoo.com,"+46 (0)95 09 98 46","Bergströmgatan 54L",Tumlehed,44664
simon32@yahoo.com,"08-76 02 11","Öbergliden 1",Marieby,"367 75"
ilarsson@hotmail.com,"0694-105 92","Desideriagränd 84",Holmeja,25149
edla.olsson@yahoo.com,059226581,"Signegränd 76",Hagfors,"542 49"
elvir.sundqvist@gunnarsson.com,"08-73 39 82","Fredsbacken 56",Lit,75491
hedlund.jean@nilsson.org,+46(0)8422220,"Håkanssonbacken 31Z",Hillerstorp,"786 71"
karolina43@holmgren.com,"0799-044 50","Isakssonliden 1",Önneköp,99169
kstromberg@yahoo.com,0795001553,"Isabellavägen 1193",Säter,58608
annchristin93@lindgren.com,"054-794 56 76","Holgerstigen 884",Torsebro,92724
kare.ek@olofsson.org,"+46 (0)8 214 68 08","Axelssonbacken 1F",Dunö,85401
unorberg@yahoo.com,"+46 (0)210 864 66","Lillliden 9400",Ljusdal,91044
hansson.annmarie@hotmail.com,"+46 (0)1118437","Bergqviststigen 9","Södra Vrams fälad",23740
madeleine37@palsson.net,"+46 357 864 386","Linnéstigen 2927",Stöcksjö,"361 11"
carljohan.wallin@persson.net,+46(0)81539558,"Sjöberggränd 8",Bergby,92765
isvensson@gmail.com,+46(0)14861096,"Eddyvägen 8375",Piperskärr,30433
leliasson@gmail.com,+46604724166,"Linnégatan 337","Västra Ingelstad",26201
strom.peranders@hotmail.com,"08-74 41 49","Sjögrenvägen 202",Halltorp,"750 46"
annette.engstrom@danielsson.net,+46507107385,"Drottningbacken 9772",Särna,50989
ohansen@gmail.com,0284609357,"Brunnsbacken 6L",Onsala,59881
josef.holm@hansson.com,+4697456756,"Sandströmgatan 81A",Ljungbyhed,98051
janet.strom@hotmail.com,0673101136,"Kungsgränd 6",Lindsdal,74898
margaretha.svensson@hotmail.com,"+46 (0)5805136","Petterssonliden 18P",Sundhultsbrunn,"140 79"
abengtsson@hotmail.com,+46(0)34637042,"Blomqvist Väg 9Y","Björnömalmen och Klacknäset","869 18"
douglas71@mattsson.biz,"089-36 95 90","Ekström Gata 1I",Bollstabruk,"389 43"
alfons.lindholm@gmail.com,"08-241 024 99","Laurentiusvägen 5",Storebro,86917
bjorklund.monica@gmail.com,"+46 (0)73 06 67 38","Smågatan 232",Bollstabruk,34610
stromberg.gunda@gmail.com,+46(0)39834412,"Isakssonbacken 54O",Fredrika,24438
jivarsson@gmail.com,"+46 (0)8 867 86 56","Persson Väg 8",Vuollerim,"967 07"
eriksson.lambert@yahoo.com,+46(0)846188867,"Vasaliden 8441",Johannesudd,19670
gullvi14@johansson.com,"046-799 611","Hellströmvägen 3N",Ljungbyholm,24845
annkristin41@jonsson.com,"+46 (0)36199335","Lillstigen 4",Sturkö,"236 10"
jonsson.clarence@hotmail.com,"083-250 18 50","Disavägen 77",Seskarö,"711 37"
cnordstrom@lundin.net,0730965093,"Samuelsson Backe 66D",Bjursås,90626
amanda34@hotmail.com,0262230406,"Hamnbacken 62",Strömsbruk,31599
hedlund.herman@yahoo.com,+46(0)5815106,"Vasabacken 5",Löderup,67866
jonsson.olga@danielsson.biz,090322854,"Lundqviststigen 4122",Grisslehamn,"586 02"
elisabeth44@gmail.com,"0179-487 21","Samuelgränd 34",Kristinehamn,"334 40"
carina33@yahoo.com,+46(0)43302695,"Martinssongatan 40D",Sälen,"324 61"
bergman.vincent@gmail.com,+4664825508,"Linnégränd 58Z",Björna,"631 96"
irma14@eklund.biz,+46(0)7234932,"Ekström Gata 249",Ysby,"836 78"
esjoberg@wikstrom.com,+4643316758,"Jakobsson Väg 4683",Hällnäs,94502
blenda41@axelsson.com,+46195419589,"Bergmangatan 75",Kusmark,"760 81"
holmfrid.eklund@yahoo.com,+46(0)6095998,"Gustafssonvägen 57",Malmköping,55261
laila25@gmail.com,+46(0)2727458,"Fritiofbacken 776",Skåre,"527 55"
ingmarie.nyberg@gmail.com,"032-21 99 69","Ringliden 7F",Vollsjö,10693
elon.jonsson@viklund.net,"094-208 680","Eliasson Backe 3T",Ronnebyhamn,39514
annlouise.berg@gmail.com,+46(0)6396545,"Lindberggatan 6968",Kumla,"181 34"
svensson.runo@lundgren.com,"+46 (0)62 27 75 34","Sjöliden 5",Munkedal,44267
henriksson.enar@hotmail.com,0702607358,"Larsgatan 24",Tureholm,37324
elsa.mansson@hotmail.com,"023-02 64 38","Mannegränd 3","Sjöbo sommarby och Svansjö sommarby",30296
reino39@berglund.com,+46128275848,"Arvidssonbacken 1",Hästhagen,92278
ejakobsson@sundberg.com,"0899-126 22","Storgatan 1R",Säter,15661
cforsberg@hotmail.com,"08-79 01 94","Ek Backe 8",Holsljunga,39548
djansson@astrom.com,+46(0)19055557,"Karlavägen 5",Strömsfors,67684
marjatta.jonasson@abrahamsson.com,+462764344,"Lillbacken 3064",Frödinge,55653
claesson.oliver@holm.net,"08-132 83 91","Henrikssonvägen 4E",Malmbäck,79372
ted.lind@blom.com,+462486391,"Ringvägen 8B",Vankiva,"876 73"
hpersson@gmail.com,"094-544 16 46","Fredriksson Backe 11",Sköllersta,"292 25"
vnorberg@bjork.com,"+46 513 167 635","Bengt-Görangatan 82",Bräkne-Hoby,"877 26"
bsamuelsson@lundqvist.com,"+46 (0)278 113 72","Annievägen 6J",Östmark,"467 40"
annmargret.palsson@gmail.com,"+46 (0)26457121","Mårtenssonvägen 39",Billdal,"726 79"
kaarina.holmgren@hotmail.com,+462073624,"Bengtssonvägen 4255",Torsång,"763 87"
danielsson.tobias@akesson.net,+46(0)813905207,"Gerdvägen 45J",Ovanåker,73997
berggren.filip@hotmail.com,+46(0)207791375,"Hilmerstigen 6",Malungsfors,"734 09"
eengstrom@yahoo.com,"08-71 09 58","Kungsvägen 7",Vikmanshyttan,62118
astor80@eklund.net,+46194003645,"Vasabacken 7",Ålem,39070
rhansen@eliasson.com,"+46 (0)73056894","Rositagatan 1M","Ljungstorp och Jägersbo","305 41"
ragnar67@yahoo.com,"+46 (0)695 900 059","Brunnsvägen 498",Fagersta,"307 74"
zlindstrom@andreasson.biz,037606731,"Fredsbacken 776",Stockaryd,52595
mathias.lundgren@sjoberg.com,"+46 (0)335 154 569","Lillgränd 6A",Bygdsiljum,48911
persson.gustaf@mattsson.net,"+46 (0)75 82 33 40","Anna-Gretaliden 5393",Svärdsjö,"432 68"
bengt65@lund.org,"+46 (0)8 813 03 18","Linnégränd 49",Kvärlöv,96288
sjogren.marita@mattsson.org,"0491-914 61","Brunnsbacken 56E",Färjestaden,87756
zengstrom@holmgren.com,"+46 (0)76 57 97 68","Strömgatan 16W","Ljungstorp och Jägersbo","466 08"
psandstrom@hotmail.com,+465165021,"Lillvägen 6",Horn,"154 11"
jonsson.ragnar@yahoo.com,"+46 (0)8 019 11 09","Jönssongränd 6238",Bergströmshusen,98464
werner29@hotmail.com,"073-17 31 17","Lillbacken 97R",Skåpafors,"183 58"
sandstrom.ingegerd@ivarsson.com,+46453458503,"Andreasson Backe 34B",Saltsjöbaden,"998 49"
lindgren.ottilia@hotmail.com,+465218887,"Perstigen 9",Kläppa,"443 65"
gertie47@hotmail.com,"015-204 44 84","Drottninggatan 5D",Bäsna,"786 66"
marion.hellstrom@sundqvist.com,"+46 (0)1044431","Drottningstigen 78",Särö,69394
wjonsson@jonsson.org,+46721786489,"Sjövägen 3168",Segersäng,"921 54"
wnystrom@lofgren.com,"+46 (0)5134824","Kungsvägen 138",Lund,25432
gberg@yahoo.com,088292479,"Brunnsbacken 44Y",Smedjebacken,21786
oholmqvist@gmail.com,+462200108,"Hamngatan 87E",Nolvik,"697 68"
lindgren.jarl@gustafsson.com,"08-014 21 16","Sjöstigen 3",Saleby,38342
steve19@yahoo.com,+466547946,"Lindgren Allé 635",Gualöv,"270 65"
sandberg.ingemar@yahoo.com,"08-64 29 87","Sjöbacken 98U",Jung,"481 17"
nore.bergman@gmail.com,"+46 (0)745 278 264","Kungsbacken 29",Björsäter,45546
martha.bengtsson@lundberg.com,072073598,"Gundagränd 5Y",Bunkeflostrand,65068
wilhelm.bergstrom@eriksson.biz,"+46 (0)8 061 53 09","Heinzgränd 5",Hargshamn,"491 18"
nyberg.severin@hotmail.com,"+46 (0)55 13 13 01","Ringliden 9761",Strömsund,"628 71"
eleonor.andersson@yahoo.com,+46(0)384805536,"Vasagatan 9O",Borås,"583 70"
dlindberg@mattsson.info,"+46 (0)649 210 798","Kungsgränd 7596","Torshälla huvud",43507
aron26@sundberg.com,+46(0)2160544,"Brunnsvägen 5857",Klässbol,"375 14"
ujonsson@holmgren.com,"097-760 585","Ingridvägen 5506",Kumla,93936
lindholm.karlgustav@holmqvist.org,"08-50 57 20","Lillvägen 97","Västra Karup",21858
sundqvist.liselott@hotmail.com,"+46 (0)86483535","Johanssonliden 205",Rydaholm,"399 90"
set.akesson@ivarsson.com,"+46 294 666 212","Lundbergstigen 1K",Gnarp,"376 03"
jansson.stellan@gmail.com,"08-862 011 93","Kungsliden 35",Husby,68947
lofgren.brita@martinsson.org,"+46 (0)27 09 99 97","Vasastigen 87",Uppsala,"662 34"
darvidsson@larsson.com,"+46 (0)5203298","Bengtssongatan 9272",Hällevik,46631
marten.norberg@nordin.com,"089-635 595","Wikströmstigen 9",Gubbo,"561 68"
tora.soderberg@holmgren.com,"08-792 23 86","Lillstigen 81",Kimstad,"302 98"
ingegard.isaksson@hotmail.com,+46(0)35158690,"Öbergstigen 38Q",Bensbyn,"185 75"
esbjorn.aberg@gmail.com,+46(0)94075783,"Danielssonbacken 9",Finsta,51359
henrietta.henriksson@hotmail.com,"+46 (0)27 61 31 08","Johanssonliden 92",Kode,"472 66"
kornelia81@hotmail.com,+46(0)9776165,"Jönssongränd 41J",Vattholma,"631 65"
lgustafsson@hotmail.com,+46(0)7282200,"Lillbacken 48",Fjugesta,"780 62"
folke41@jakobsson.com,+46(0)12136437,"Classtigen 4343",Harads,"805 20"
tengstrom@claesson.com,"+46 (0)8 224 81 75","Drottningvägen 1762",Medle,33779
hermansson.brittlouise@holmberg.com,"021-180 82 48","Jonssonliden 326",Rönneshytta,"837 94"
gullvi03@lundin.com,"08-701 520 71","Smågränd 2",Skee,"738 93"
cmagnusson@hotmail.com,"+46 (0)135 581 388","Sundberggränd 2189",Eriksmåla,96903
bengtsson.nils@yahoo.com,"037-30 91 20","Sundqvist Allé 2791",Vallberga,"489 38"
sten17@engstrom.org,+46458691337,"Susannegränd 82",Mjöbäck,"565 72"
kalevi74@gmail.com,"066-54 24 37","Abrahamssongränd 3",Latorpsbruk,34639
larsove40@gmail.com,"08-808 97 26","Larsson Allé 1M",Tollered,61955
annalena74@karlsson.com,"063-55 52 59","Hermanssongränd 5B",Kinnarp,"218 14"
tclaesson@gunnarsson.biz,"0372-528 02","Småliden 35","Rolfhamre och Måga","922 16"
julius.nordin@jonsson.com,+46(0)27401132,"Fredsgatan 47W",Boo,43310
nordstrom.gunni@lindgren.com,"021-293 34 05","Fredsliden 3262",Delary,50966
solbritt00@gmail.com,"089-844 782","Storvägen 8871",Glumslöv,49911
janne63@yahoo.com,+46813346852,"Arvidssonliden 36W",Lysekil,"761 04"
lindqvist.tomas@sundberg.com,+46(0)58697370,"Drottningvägen 33",Skånes-Fagerhult,"287 49"
zforsberg@yahoo.com,0833362171,"Håkansson Väg 6H",Möklinta,"299 25"
dorotea03@yahoo.com,"+46 (0)755 807 355","Fredsvägen 9",Zinkgruvan,52207
evelyn33@yahoo.com,"+46 (0)12 43 49 13","Vasaliden 694",Täby,"899 78"
anna60@lofgren.com,062287366,"Brunnsliden 29",Lindome,"733 58"
sandberg.alve@gmail.com,+46(0)61620320,"Fredsliden 487",Idkerberget,"581 84"
hansolof66@hotmail.com,"025-859 82 10","Ivarssonliden 29",Askersby,"118 11"
sjogren.charlotte@hotmail.com,"0879-335 74","Åkessonbacken 9497",Skreanäs,53269
kandreasson@jonsson.com,"+46 (0)8 987 80 55","Lisbethvägen 778",Skärhamn,"826 96"
hermansson.tage@yahoo.com,+463021237,"Amandusbacken 778",Sibbhult,"898 55"
abraham44@berg.biz,"079-53 01 23","Sjögränd 5",Brevik,21069
uivarsson@karlsson.com,"+46 597 396 011","Franssongränd 353",Marielund,"528 90"
julia94@lindqvist.com,"+46 (0)28053496","Sjöstigen 62",Mellerud,96379
wikstrom.hans@holmqvist.org,+46251757210,"Stephanstigen 2",Örserum,88846
ijansson@hotmail.com,0623501373,"Pettersson Allé 7L",Bälinge,13382
fisaksson@jansson.com,"+46 (0)8 783 57 99","Konstantialiden 6K",Fredriksdal,"777 59"
nanny68@gmail.com,+466521549,"Adolfbacken 7993",Hillared,"929 78"
kaarina.ekstrom@yahoo.com,"014-14 78 12","Småliden 8",Raksta,57977
solbritt.lundqvist@olofsson.com,+46(0)4535217,"Storgränd 1",Göteborg,52207
napoleon50@blom.org,+4632779716,"Fredriksson Backe 50E",Hästveda,51809
gsundqvist@hotmail.com,"087-340 982","Olofssonstigen 7832",Gesunda,19057
hansson.linne@holm.com,"08-218 553 54","Drottninggatan 1C",Hällaryd,"778 95"
carljohan.berggren@gmail.com,"034-92 00 69","Mattsson Väg 79Y",Bräcke,"211 93"
orvar87@sjogren.com,098368221,"Hamngränd 4",Spjutsbygd,"318 98"
zjakobsson@gmail.com,"+46 (0)59 43 88 92","Claessonvägen 8",Hjärup,34947
sylvia.wikstrom@eliasson.org,"051-129 57 60","Fredsvägen 23",Rånäs,74179
palsson.ragna@soderberg.com,"08-064 162 61","Nordinvägen 22",Kåge,"441 84"
jorgen47@arvidsson.com,"+46 (0)928 248 533","Erikssonstigen 4A",Blåsmark,45922
phakansson@lundberg.com,"025-777 248","Kungsgränd 470",Glanshammar,"368 18"
isjoberg@hotmail.com,+4687385884,"Smågränd 30A","Övre Soppero","814 49"
halvard75@lundgren.info,"099-703 30 20","Adinastigen 2",Brattås,64452
eva15@larsson.com,+46(0)124954943,"Hamnliden 3D",Sidensjö,"617 61"
allan39@axelsson.biz,050634216,"Ringliden 5Y",Bjärred,91326
greger38@bergman.com,"+46 (0)63 00 57 88","Ekströmliden 4",Blikstorp,"225 65"
glindberg@forsberg.org,"+46 (0)31281821","Linnéstigen 60W",Eringsboda,"341 44"
suzanne11@yahoo.com,"+46 958 538 340","Håkansson Gata 6H",Tumlehed,"920 29"
ksjogren@hotmail.com,"075-20 18 74","Engströmgränd 5",Örslösa,"448 68"
lundqvist.halvar@hermansson.org,"+46 (0)71 44 94 94","Storliden 155",Simris,68025
oakesson@hotmail.com,+46(0)9191592,"Drottningbacken 31",Björnlunda,79287
hakansson.nils@hotmail.com,029315810,"Storgränd 4282",Åsbro,"600 78"
sandstrom.davida@hotmail.com,"08-136 295 44","Hansengränd 6773",Sandviken,80928
arne.hansson@gmail.com,"+46 (0)29 53 74 68","Fredsgränd 31",Kvärlöv,35469
annalisa07@hotmail.com,"+46 (0)19 20 95 79","Lillgatan 47O",Munkfors,24325
ylund@lundin.com,"+46 (0)22439510","Ritagränd 792",Höganäs,70277
pforsberg@bjorklund.org,+46(0)789362257,"Drottningvägen 6B",Sandhult,98334
emanuel.oberg@hotmail.com,"08-401 66 26","Hamnliden 9O",Husum,"762 40"
susanne.eriksson@sandberg.com,035454191,"Storliden 5679",Sparreholm,"562 83"
teodor.nordstrom@astrom.com,"08-58 17 51","Holmbergstigen 40",Finja,65607
angela74@martinsson.com,"+46 (0)96363646","Ivarssonstigen 4L",Ekeby,"720 58"
borghild29@eriksson.org,"+46 (0)299 276 35","Drottningliden 735",Höviksnäs,82258
madelene19@hotmail.com,+46(0)20375768,"Lundinstigen 31O",Forshaga,"683 10"
lena01@yahoo.com,"+46 (0)51354985","Reidarstigen 24P",Ängsholmen,96054
vidar35@hotmail.com,"+46 (0)30 30 98 77","Samuelssonliden 97K",Husum,"761 81"
hakansson.ted@hotmail.com,+46118194947,"Hamngränd 7U",Sjunnen,94102
assar52@gmail.com,"+46 (0)362 127 55","Jonasson Backe 5",Kungsör,95880
fritiof.eriksson@magnusson.com,"037-162 787","Ringgatan 925",Ed,"436 53"
janeric.holm@bjork.com,"+46 626 570 136","Mariettestigen 7",Kungsäter,"761 89"
adina76@yahoo.com,"08-156 28 39","Sandströmvägen 2799",Målsryd,83445
elvira06@hotmail.com,"08-625 928 62","Hilbertstigen 9",Furusjö,80021
zekstrom@ek.net,"+46 (0)91 62 87 23","Smågränd 3926",Övertorneå,"965 50"
helny.astrom@gmail.com,"+46 355 643 421","Gullangränd 99",Visby,51527
disa.strom@gmail.com,+46(0)11733061,"Kungsstigen 8",Bäckhammar,"921 29"
janet29@yahoo.com,+4671959960,"Magnussonstigen 933",Sjörröd,66067
jonsson.elida@gmail.com,081842140,"Drottningliden 86",Anneberg,"918 19"
sverker57@hansen.biz,"+46 (0)7588782","Eklund Väg 9675",Dalarö,55463
holm.marja@bergqvist.com,+46132359875,"Sundström Väg 69S",Jättendal,"779 02"
alfons.berg@lundqvist.com,"+46 853 198 842","Hamnvägen 258",Veinge,"208 29"
rickard93@ivarsson.org,"045-751 33 21","Hamnvägen 62",Orrviken,"227 14"
oberg.ellinor@mansson.com,"031-110 10 79","Svenssongränd 92",Mora,56441
ugunnarsson@yahoo.com,"08-39 82 31","Kungsgatan 27",Mölle,73010
ueliasson@gmail.com,"+46 (0)971 368 297","Gustafgatan 6580",Storebro,38923
mari94@yahoo.com,"+46 (0)93900371","Fredsgatan 585",Sturefors,34491
john20@gmail.com,+46(0)934838118,"Brunnsvägen 1X",Tollered,85407
rolf.strom@eriksson.com,+4681396143,"Vasavägen 6783",Älmhult,79139
svenake69@hotmail.com,"0444-975 43","Sjögränd 35Y",Hjo,"815 84"
annkatrin59@yahoo.com,"0580-915 20","Söderbergbacken 267",Algutsrum,26008
kristine.hermansson@hotmail.com,+46(0)48512399,"Thereseliden 3",Charlottenberg,"269 42"
reine90@yahoo.com,0953983413,"Ringvägen 174","Dals Långed","577 91"
hakansson.eufemia@hotmail.com,072663361,"Lindqvistgatan 11",Emmaljunga,"535 10"
viktor.blom@ek.com,"+46 (0)32 50 08 84","Forsbergstigen 4B",Tvärålund,54762
gustava.lindberg@yahoo.com,+46(0)5301506,"Brunnsstigen 9904",Tångaberg,"725 91"
nordin.eddie@yahoo.com,+461250156,"Viggogatan 4O",Sundsvall,54902
ottilia.holmberg@yahoo.com,079785811,"Sjövägen 3G",Sundbyholm,11229
nore20@jonsson.biz,+46(0)63817450,"Vasavägen 24",Ljungaverk,"530 93"
gullbritt.holm@bjork.biz,"087-94 54 69","Fredsvägen 9",Oleby,"381 69"
jonsson.gudmund@sandberg.com,+465129203,"Olofssonbacken 819",Glemmingebro,25431
janove.soderberg@sundberg.com,+462182771,"Naimastigen 47",Nybro,"772 69"
uek@yahoo.com,0417790121,"Nordström Backe 1Y",Påläng,98356
victor98@bjorklund.biz,+46(0)5768885,"Söderbergvägen 2",Örtagården,67356
jakobsson.annikki@hotmail.com,030774048,"Samuelssonvägen 6",Furusjö,"618 44"
xnordstrom@fransson.com,+46(0)4681885,"Kungsgatan 784",Öxeryd,84864
annakarin85@akesson.biz,+4620671492,"Holmberg Väg 3Z",Saxdalen,10150
gudmund.gunnarsson@andreasson.com,"+46 (0)1171014","Hamnvägen 50N",Mora,"186 52"
holmgren.leila@strom.com,"+46 (0)743 388 672","Ringgränd 1756",Fiskebäckskil,"165 31"
givarsson@hotmail.com,"+46 (0)483 233 507","Linnégatan 32",Misterhult,37417
rekstrom@hotmail.com,"+46 (0)847 450 805","Holmfridvägen 98W",Åsby,35935
jens.magnusson@soderberg.com,"+46 (0)6128107","Vitalisliden 5",Åmsele,80114
bengtsson.lennart@yahoo.com,+46(0)8483547,"Fredsvägen 7718",Höllviken,19096
hedlund.odd@yahoo.com,"+46 (0)8 998 49 93","Blendagatan 226",Malung,"175 39"
ivarsson.erhard@danielsson.com,"0555-503 79","Forsbergbacken 303",Vik,83742
larserik16@martinsson.com,"08-881 82 52","Lindgatan 1965",Matfors,"665 98"
sonny94@soderberg.com,+46176935787,"Vivianbacken 2S",Vessigebro,95236
lage24@hotmail.com,"+46 (0)83 21 04 77","Sjögränd 39",Kinnarumma,38071
mirjam20@martinsson.com,"+46 (0)1862422","Hanssongatan 793","Kumla kyrkby",61410
ingvald.lundin@hotmail.com,+4645176704,"Hannavägen 1970",Hällbybrunn,"832 83"
evald10@hotmail.com,"08-243 411 20","Aurorabacken 920",Tortuna,98568
zgunnarsson@sandberg.net,"+46 (0)49297136","Lundbacken 8K",Munkedal,94388
may.fredriksson@yahoo.com,"08-27 83 27","Larssonvägen 8D",Björnlunda,"589 94"
qkarlsson@gmail.com,+464190649,"Kungsgatan 1",Gimåt,64001
forsberg.carolina@yahoo.com,0618289192,"Vasagatan 7294",Marmaverken,31717
ahenriksson@yahoo.com,"051-27 21 57","Ingridvägen 411",Lövestad,38004
jnystrom@hansson.com,"+46 (0)47 75 81 44","Lillstigen 4122",Danholn,97076
ingmari80@gmail.com,+46(0)47542408,"Heinzbacken 2",Björnö,20700
bergqvist.helen@berg.info,"+46 (0)1619797","Fredsgränd 1",Sågmyra,13931
gottfrid17@lofgren.com,"+46 (0)66 06 64 51","Linnégatan 9",Stånga,27518
marjatta.palsson@yahoo.com,+46(0)6365889,"Kungsstigen 281","Starrkärr och Näs","837 24"
stromberg.marie@sundstrom.com,"+46 (0)6398751","Sjöbacken 42I",Dingersjö,15696
gunnarsson.albin@gmail.com,"+46 694 985 212","Månssonstigen 41","Skavkulla och Skillingenäs","943 06"
akesson.gard@hotmail.com,"08-00 41 87","Anne-Marievägen 38",Eslöv,24231
hellstrom.roland@eklund.com,+465083634,"Fredsgatan 8P",Trosa,"745 12"
viklund.ebbe@hotmail.com,0347525848,"Kungsstigen 55",Östhamra,25263
rlundqvist@sundberg.com,+46814461584,"Brunnsgränd 9001","Stora Vika",65758
mary43@lundberg.net,075078503,"Brunnsgatan 7S",Mjölby,36609
erhard01@sjoberg.com,+46(0)620640497,"Angelagränd 89O",Hällekis,"958 66"
xlund@henriksson.com,036387029,"Storstigen 51N",Kil,"665 60"
forsberg.goran@hotmail.com,"08-339 817 18","Vasabacken 70V",Donsö,36411
jakobsson.larsake@blomqvist.net,"055-12 61 08","Jonassonliden 6K",Berg,"102 29"
david55@hotmail.com,"+46 (0)8629720","Konstantinvägen 37",Vassbäck,74771
hanna73@berglund.org,+46(0)8955175,"Elsastigen 239","Björnömalmen och Klacknäset","274 42"
jesper.fransson@holmqvist.org,056396671,"Mårtensson Väg 66T",Vara,"357 36"
aina99@gmail.com,0161522970,"Olofsson Gata 46",Sveg,68957
ullabritt.ivarsson@gmail.com,"+46 (0)89357947","Olssongränd 3P",Mellerud,57506
sandstrom.marjatta@gmail.com,"050-82 56 72","Åkessonliden 74",Österslöv,"327 72"
hermansson.synnove@bjork.net,+46885784031,"Lillgatan 4","Näs bruk",91091
sek@olsson.com,+46(0)827107895,"Lillliden 50E",Vattnäs,20743
lindstrom.ferdinand@bengtsson.info,"+46 (0)9866424","Eliassonvägen 739",Linghem,"326 72"
elfrida.olsson@lind.com,015168707,"Torgnystigen 2390",Riala,"630 52"
marielouise.hansen@sundqvist.org,"+46 (0)967 873 068","Småbacken 51J",Munkfors,"701 09"
hbergqvist@hermansson.com,"+46 (0)96629598","Kennertstigen 3345",Finspång,45668
judith.johansson@norberg.com,"08-52 50 20","Andreassonstigen 2536",Österbymo,"384 83"
matilda93@gmail.com,"+46 (0)235 288 963","Fredsstigen 93",Hällefors,"469 60"
marta.sjoberg@sundberg.com,"0562-943 11","Drottningstigen 625",Floby,76831
tstrom@hotmail.com,"046-04 41 62","Sjöbacken 69",Hässleholm,64274
karlgunnar.larsson@isaksson.com,"069-35 11 08","Reginagränd 6",Bjurholm,"924 67"
hansson.hasse@soderberg.com,+46(0)479235451,"Adelagatan 8",Tjautjas/Cavccas,93187
yhenriksson@astrom.com,+463985014,"Larsson Väg 155",Berghem,28832
monika.lund@hotmail.com,"08-250 216 58","Strömbergbacken 1178",Gårdskär,"617 46"
greta50@jonsson.com,"+46 (0)9817342","Sjöstigen 8",Härslöv,"425 47"
liselotte19@engstrom.org,0825392304,"Lillvägen 7N",Tumlehed,"591 60"
ewa33@svensson.biz,+464284607,"Larssonstigen 2379",Örserum,"763 89"
fhermansson@svensson.info,"08-36 08 27","Ingelagatan 93C",Älvkarleby,"252 95"
elvir.lofgren@larsson.com,"+46 (0)18056647","Sjöbergliden 31",Arnö,"834 44"
gabriella.fredriksson@hotmail.com,+46(0)493716266,"Noregatan 1322",Norr-Hede,"285 06"
irene27@gunnarsson.com,+463764910,"Storvägen 41K",Ås,10130
desideria.bjork@hotmail.com,+4666182753,"Runargränd 51G",Fagerhult,"558 48"
engelbrekt.lofgren@martinsson.net,"08-663 634 34","Vasagatan 312",Vika,"700 19"
lindqvist.marten@yahoo.com,"08-753 347 00","Småvägen 9A",Venjan,"976 40"
llofgren@lund.com,"+46 480 805 929","Kungsgatan 1C",Vadstena,34986
nilsson.berndt@lindqvist.biz,"+46 (0)8561776","Drottninggränd 5O",Edane,"588 85"
fredriksson.anton@bjork.org,"0135-083 06","Drottninggränd 8",Mörsil,"191 09"
qhakansson@hotmail.com,"040-41 95 74","Viklundgatan 8O",Åtorp,"565 93"
cnorberg@lindholm.com,"066-528 41 28","Hamnstigen 5",Bastuträsk,16640
abrahamsson.elon@wallin.com,057459729,"Kungsstigen 839",Karlskrona,49660
berglund.louis@eriksson.biz,"+46 (0)76 36 02 48","Arvidssongatan 58M",Ödåkra,"537 68"
billy99@wikstrom.com,+46(0)343688163,"Kungsliden 4U",Njutånger,94837
elma49@ekstrom.com,"+46 (0)8 052 43 53","Oliviabacken 627",Nygård,"305 07"
mattsson.larsgunnar@bjorklund.com,"+46 (0)27 33 37 86","Majkenvägen 3",Butbro,34676
usundstrom@gmail.com,"+46 268 581 140","Sverkervägen 63",Ammenäs,"440 03"
linnea.akesson@jonsson.com,+46(0)380250847,"Dahlberggränd 8R",Nässjö,54001
beatrice.nilsson@svensson.com,"+46 (0)19 97 36 45","Johansson Allé 95",Älmhult,15810
fritiof.jonsson@hotmail.com,"0575-969 03","Falkliden 2A",Stigen,51808
tsamuelsson@yahoo.com,048737425,"Kungsbacken 57",Kiruna,28105
ivarsson.bengtgoran@jonsson.net,"+46 (0)7152072","Linnéliden 3B",Sturkö,28039
xnordstrom@hotmail.com,0804339940,"Franssonliden 5H",Domsten,"937 63"
holmgren.katharina@eriksson.com,+46423056280,"Gustafssonbacken 9297",Torbjörntorp,24073
zjonasson@danielsson.net,"+46 (0)4288614","Gunnelgränd 9P","Norra Riksten",17499
larsake.strom@lundberg.com,"+46 (0)8 836 71 33","Bergman Väg 1V",Hasslö,"944 75"
lbergqvist@hotmail.com,+46(0)4072136,"Lindgrengränd 4D",Väjern,15664
hildur61@lundgren.com,"+46 (0)93538779","Isakssongränd 1",Nykroppa,"396 28"
hildur.sandberg@yahoo.com,"042-781 566","Strömberg Väg 32Q",Strålsnäs,"308 64"
hadar51@gmail.com,"+46 (0)23 28 63 32","Louisestigen 9O",Brokind,10282
ethel14@hotmail.com,"08-095 38 42","Janetbacken 7","Östra Grevie",73264
jeanette.viklund@gmail.com,"+46 (0)810 928 068","Franssongränd 8",Åstol,83396
carolina.lundstrom@astrom.net,"08-177 665 33","Mårtenssonstigen 8339",Hackås,"446 18"
lhansson@jakobsson.biz,011688252,"Pernillagatan 3760",Rimforsa,29536
alida.aberg@yahoo.com,"019-419 97 95","Arvidsson Backe 65O",Hassela,36315
patric70@yahoo.com,+46(0)18309936,"Tobiasstigen 340",Pershagen,49018
gberglund@sundstrom.net,"+46 (0)525 956 19","Jakobsson Väg 1T",Karlstad,59464
kristoffer77@yahoo.com,068603983,"Nordströmbacken 5E",Ullatti,66037
alfhild54@hotmail.com,"+46 (0)4054555","Larsliden 22",Alsike,"389 61"
laila06@andreasson.com,"+46 (0)6399200","Axelbacken 6836",Ätran,63533
ssandstrom@gmail.com,"037-694 75 42","Månssonstigen 431",Nödinge-Nol,75311
gert.hellstrom@ivarsson.com,"030-175 26 79","Danielssongatan 8E",Åryd,76673
alice.lundin@wallin.org,"+46 (0)71643439","Brunnsstigen 9S",Varnhem,81585
zsundqvist@hotmail.com,+46(0)12344093,"Sivertstigen 47",Strömsnäsbruk,"795 22"
mlind@yahoo.com,"+46 (0)2517580","Brunnsvägen 313",Graversfors,"382 82"
holmberg.jeanette@yahoo.com,"+46 (0)45683284","Jönsgränd 1151",Svarte,58778
gard.sundberg@samuelsson.com,0419546253,"Storvägen 3",Fjugesta,80642
jwikstrom@eklund.com,"08-816 60 69","Olofsson Väg 34",Sävar,13928
annkristin67@yahoo.com,"08-563 37 30","Jakobssonvägen 115",Halltorp,"158 05"
fbergstrom@yahoo.com,"+46 (0)70 75 30 24","Månssongränd 73",Jädraås,18929
annmarie.abrahamsson@gmail.com,"+46 (0)8 433 15 53","Hamngränd 7",Friggesund,"115 41"
rosa.larsson@yahoo.com,"+46 205 597 103","Hermansson Backe 431",Dalarö,87855
arnold.svensson@gmail.com,0479500405,"Linnégatan 788",Ambjörby,"321 74"
gustaf.nordin@yahoo.com,+46(0)5379098,"Lillgatan 10",Höllviken,86160
cathrine.lindqvist@yahoo.com,+46(0)55115285,"Småbacken 3",Gunnebo,79720
peklund@gmail.com,+46405958552,"Brunnsliden 8","Lanesund och Överby","699 67"
danielsson.vincent@akesson.com,"08-949 61 55","Fredsbacken 62",Korsberga,54866
bengtsson.erhard@yahoo.com,"+46 (0)230 733 80","Bergmanstigen 2",Linderöd,"423 25"
inilsson@isaksson.info,"087-49 16 97","Drottningstigen 80K",Ödåkra,69546
mimmi.martinsson@hotmail.com,0321991465,"Olofsson Väg 1",Köpingsvik,"786 96"
dabrahamsson@danielsson.com,0266788503,"Lindgrenbacken 93T",Ljusdal,"944 23"
ingemar.sandstrom@yahoo.com,"+46 (0)721 630 46","Sjögrengränd 9095",Skärplinge,53574
runar13@hotmail.com,"011-11 81 93","Ainagränd 79B",Eksund,"708 63"
sjogren.perola@wikstrom.com,+4618990418,"Smågränd 22K",Marstrand,11571
torvald.blomqvist@gmail.com,+46675619553,"Severingatan 62S",Villshärad,"460 73"
inge88@strom.com,+46299970204,"Frideborgvägen 40",Västerfärnebo,"685 24"
naima.hellstrom@gmail.com,"057-834 092","Kungsbacken 6",Medle,12612
olov71@gmail.com,+46(0)797017518,"Hellströmstigen 6977",Eggby,"424 08"
ivar.sjogren@hansson.net,"078-114 73 89","Sundström Gata 2004",Hittarp,15696
kberggren@pettersson.com,"069-645 927","Kungsgatan 532",Dvärsätt,50842
edmund.sjoberg@gustafsson.com,046083628,"Vasabacken 6584",Rolfs,93523
lisa.henriksson@gmail.com,"+46 (0)4351425","Storvägen 1W",Jukkasjärvi,65061
ibengtsson@johansson.info,0700647804,"Per-Arnevägen 4R",Götene,"311 09"
fsundstrom@wallin.com,091105788,"Holm Allé 567",Ekeby,"823 51"
sandstrom.edmund@oberg.com,"+46 (0)379 902 93","Storgatan 8198",Årjäng,"313 49"
anita20@hotmail.com,0869906920,"Hamnbacken 66Y",Timmernabben,38246
perolof68@mansson.com,082469368,"Sjögatan 9290",Vitaby,"873 77"
nordin.stanley@fredriksson.com,"+46 (0)8 606 91 58","Lundgränd 7",Aneby,63363
holmberg.helena@yahoo.com,+46(0)975737156,"Storgatan 78V",Kimstad,"133 21"
strom.holger@hellstrom.com,"065-386 955","Larssonliden 5F",Lundsbrunn,60939
bengtgoran.samuelsson@hotmail.com,035216509,"Vasagränd 6",Berghem,82422
nystrom.axel@lundberg.biz,"035-743 801","Berggatan 618",Rockhammar,37021
thorsten.eklund@gmail.com,+46(0)578845247,"Donaldbacken 9",Kungsör,42845
dagmar.eriksson@nilsson.info,+46(0)930685343,"Drottninggatan 8R",Vallberga,35490
bjorklund.ullabritta@hotmail.com,"+46 408 453 727","Berggrenstigen 30B",Sjuhalla,"627 92"
laurentius.hellstrom@wikstrom.com,072457711,"Lindqvistgränd 1",Kjulaås,80286
ek.heinrich@yahoo.com,0384697871,"Småstigen 402",Pauliström,87057
upettersson@berglund.com,"08-874 158 24","Blomvägen 9N",Skattungbyn,40676
magnusson.maria@hotmail.com,+469956825,"Hamngatan 3",Trekanten,"597 59"
yakesson@hotmail.com,"+46 (0)53 91 56 01","Sjögränd 9074",Vikarbyn,58591
evelyn55@hotmail.com,"+46 (0)8 538 66 26","Björkbacken 927",Torarp,29026
viktor80@sjogren.biz,"08-281 415 44","Forsberg Gata 3339",Fårösund,56778
sofie.berggren@yahoo.com,+46(0)5213671,"Ringgränd 67I",Glemmingebro,"128 49"
margret75@lind.org,"+46 840 694 976","Mattssonvägen 188",Kallinge,"131 06"
ewa.akesson@yahoo.com,"049-08 41 49","Catringränd 8148",Kilafors,"486 04"
palsson.adelia@berglund.com,"08-674 73 64","Kungsbacken 370","Eda glasbruk",54625
ronald.forsberg@gmail.com,"054-986 84 09","Vasagatan 606",Billsta,"785 53"
jansson.tekla@blom.org,"+46 (0)815 657 250","Allanstigen 2501",Diö,13780
maurits84@arvidsson.com,+46(0)480459107,"Lundqvistvägen 1588",Flyinge,"316 10"
gun22@hotmail.com,"035-461 89 47","Borisstigen 6W",Hedeskoga,"430 72"
gabriella.axelsson@olsson.com,+4648214777,"Brunnsgatan 8",Svärdsjö,"139 13"
davida97@hellstrom.com,"+46 (0)43 72 07 69","Ottogatan 432",Rydboholm,90852
leander27@hotmail.com,+4676997947,"Wernergränd 7701",Hagbyhöjden,62125
lastrom@martensson.com,"+46 (0)883 441 29","Niklasstigen 63",Hallstavik,"841 75"
fnordstrom@hotmail.com,"+46 (0)719 400 62","Storgränd 3",Friggesund,80439
mjakobsson@hermansson.com,+46(0)13878645,"Sandströmliden 7065",Nybrostrand,"921 35"
olundgren@soderberg.info,"08-475 957 05","Kungsbacken 6013",Styrsö,"502 31"
lindgren.dennis@jonasson.com,0802768700,"Augustingatan 37D",Strångsjö,93979
curt89@gmail.com,"067-401 218","Lillstigen 2377",Heby,68383
eje.hellstrom@larsson.com,"056-835 395","Lindqvist Backe 8I",Rydaholm,76314
ilundqvist@sandberg.com,"08-193 116 60","Karl-Johangatan 43D",Vannsätter,51187
gustava.andreasson@yahoo.com,"08-462 22 51","Fredsbacken 92",Tanumshede,68703
